date_key,full_date,year,quarter,month,month_name,week_of_year,day_of_month,day_of_week,day_name,is_weekend
20180101,2018-01-01,2018,1,1,January,1,1,2,Monday,false
20180102,2018-01-02,2018,1,1,January,1,2,3,Tuesday,false
20180103,2018-01-03,2018,1,1,January,1,3,4,Wednesday,false
20180104,2018-01-04,2018,1,1,January,1,4,5,Thursday,false
20180105,2018-01-05,2018,1,1,January,1,5,6,Friday,false
20180106,2018-01-06,2018,1,1,January,1,6,7,Saturday,true
20180107,2018-01-07,2018,1,1,January,1,7,1,Sunday,true
20180108,2018-01-08,2018,1,1,January,2,8,2,Monday,false
20180109,2018-01-09,2018,1,1,January,2,9,3,Tuesday,false
20180110,2018-01-10,2018,1,1,January,2,10,4,Wednesday,false
20180111,2018-01-11,2018,1,1,January,2,11,5,Thursday,false
20180112,2018-01-12,2018,1,1,January,2,12,6,Friday,false
20180113,2018-01-13,2018,1,1,January,2,13,7,Saturday,true
20180114,2018-01-14,2018,1,1,January,2,14,1,Sunday,true
20180115,2018-01-15,2018,1,1,January,3,15,2,Monday,false
20180116,2018-01-16,2018,1,1,January,3,16,3,Tuesday,false
20180117,2018-01-17,2018,1,1,January,3,17,4,Wednesday,false
20180118,2018-01-18,2018,1,1,January,3,18,5,Thursday,false
20180119,2018-01-19,2018,1,1,January,3,19,6,Friday,false
20180120,2018-01-20,2018,1,1,January,3,20,7,Saturday,true
20180121,2018-01-21,2018,1,1,January,3,21,1,Sunday,true
20180122,2018-01-22,2018,1,1,January,4,22,2,Monday,false
20180123,2018-01-23,2018,1,1,January,4,23,3,Tuesday,false
20180124,2018-01-24,2018,1,1,January,4,24,4,Wednesday,false
20180125,2018-01-25,2018,1,1,January,4,25,5,Thursday,false
20180126,2018-01-26,2018,1,1,January,4,26,6,Friday,false
20180127,2018-01-27,2018,1,1,January,4,27,7,Saturday,true
20180128,2018-01-28,2018,1,1,January,4,28,1,Sunday,true
20180129,2018-01-29,2018,1,1,January,5,29,2,Monday,false
20180130,2018-01-30,2018,1,1,January,5,30,3,Tuesday,false
20180131,2018-01-31,2018,1,1,January,5,31,4,Wednesday,false
20180201,2018-02-01,2018,1,2,February,5,1,5,Thursday,false
20180202,2018-02-02,2018,1,2,February,5,2,6,Friday,false
20180203,2018-02-03,2018,1,2,February,5,3,7,Saturday,true
20180204,2018-02-04,2018,1,2,February,5,4,1,Sunday,true
20180205,2018-02-05,2018,1,2,February,6,5,2,Monday,false
20180206,2018-02-06,2018,1,2,February,6,6,3,Tuesday,false
20180207,2018-02-07,2018,1,2,February,6,7,4,Wednesday,false
20180208,2018-02-08,2018,1,2,February,6,8,5,Thursday,false
20180209,2018-02-09,2018,1,2,February,6,9,6,Friday,false
20180210,2018-02-10,2018,1,2,February,6,10,7,Saturday,true
20180211,2018-02-11,2018,1,2,February,6,11,1,Sunday,true
20180212,2018-02-12,2018,1,2,February,7,12,2,Monday,false
20180213,2018-02-13,2018,1,2,February,7,13,3,Tuesday,false
20180214,2018-02-14,2018,1,2,February,7,14,4,Wednesday,false
20180215,2018-02-15,2018,1,2,February,7,15,5,Thursday,false
20180216,2018-02-16,2018,1,2,February,7,16,6,Friday,false
20180217,2018-02-17,2018,1,2,February,7,17,7,Saturday,true
20180218,2018-02-18,2018,1,2,February,7,18,1,Sunday,true
20180219,2018-02-19,2018,1,2,February,8,19,2,Monday,false
20180220,2018-02-20,2018,1,2,February,8,20,3,Tuesday,false
20180221,2018-02-21,2018,1,2,February,8,21,4,Wednesday,false
20180222,2018-02-22,2018,1,2,February,8,22,5,Thursday,false
20180223,2018-02-23,2018,1,2,February,8,23,6,Friday,false
20180224,2018-02-24,2018,1,2,February,8,24,7,Saturday,true
20180225,2018-02-25,2018,1,2,February,8,25,1,Sunday,true
20180226,2018-02-26,2018,1,2,February,9,26,2,Monday,false
20180227,2018-02-27,2018,1,2,February,9,27,3,Tuesday,false
20180228,2018-02-28,2018,1,2,February,9,28,4,Wednesday,false
20180301,2018-03-01,2018,1,3,March,9,1,5,Thursday,false
20180302,2018-03-02,2018,1,3,March,9,2,6,Friday,false
20180303,2018-03-03,2018,1,3,March,9,3,7,Saturday,true
20180304,2018-03-04,2018,1,3,March,9,4,1,Sunday,true
20180305,2018-03-05,2018,1,3,March,10,5,2,Monday,false
20180306,2018-03-06,2018,1,3,March,10,6,3,Tuesday,false
20180307,2018-03-07,2018,1,3,March,10,7,4,Wednesday,false
20180308,2018-03-08,2018,1,3,March,10,8,5,Thursday,false
20180309,2018-03-09,2018,1,3,March,10,9,6,Friday,false
20180310,2018-03-10,2018,1,3,March,10,10,7,Saturday,true
20180311,2018-03-11,2018,1,3,March,10,11,1,Sunday,true
20180312,2018-03-12,2018,1,3,March,11,12,2,Monday,false
20180313,2018-03-13,2018,1,3,March,11,13,3,Tuesday,false
20180314,2018-03-14,2018,1,3,March,11,14,4,Wednesday,false
20180315,2018-03-15,2018,1,3,March,11,15,5,Thursday,false
20180316,2018-03-16,2018,1,3,March,11,16,6,Friday,false
20180317,2018-03-17,2018,1,3,March,11,17,7,Saturday,true
20180318,2018-03-18,2018,1,3,March,11,18,1,Sunday,true
20180319,2018-03-19,2018,1,3,March,12,19,2,Monday,false
20180320,2018-03-20,2018,1,3,March,12,20,3,Tuesday,false
20180321,2018-03-21,2018,1,3,March,12,21,4,Wednesday,false
20180322,2018-03-22,2018,1,3,March,12,22,5,Thursday,false
20180323,2018-03-23,2018,1,3,March,12,23,6,Friday,false
20180324,2018-03-24,2018,1,3,March,12,24,7,Saturday,true
20180325,2018-03-25,2018,1,3,March,12,25,1,Sunday,true
20180326,2018-03-26,2018,1,3,March,13,26,2,Monday,false
20180327,2018-03-27,2018,1,3,March,13,27,3,Tuesday,false
20180328,2018-03-28,2018,1,3,March,13,28,4,Wednesday,false
20180329,2018-03-29,2018,1,3,March,13,29,5,Thursday,false
20180330,2018-03-30,2018,1,3,March,13,30,6,Friday,false
20180331,2018-03-31,2018,1,3,March,13,31,7,Saturday,true
20180401,2018-04-01,2018,2,4,April,13,1,1,Sunday,true
20180402,2018-04-02,2018,2,4,April,14,2,2,Monday,false
20180403,2018-04-03,2018,2,4,April,14,3,3,Tuesday,false
20180404,2018-04-04,2018,2,4,April,14,4,4,Wednesday,false
20180405,2018-04-05,2018,2,4,April,14,5,5,Thursday,false
20180406,2018-04-06,2018,2,4,April,14,6,6,Friday,false
20180407,2018-04-07,2018,2,4,April,14,7,7,Saturday,true
20180408,2018-04-08,2018,2,4,April,14,8,1,Sunday,true
20180409,2018-04-09,2018,2,4,April,15,9,2,Monday,false
20180410,2018-04-10,2018,2,4,April,15,10,3,Tuesday,false
20180411,2018-04-11,2018,2,4,April,15,11,4,Wednesday,false
20180412,2018-04-12,2018,2,4,April,15,12,5,Thursday,false
20180413,2018-04-13,2018,2,4,April,15,13,6,Friday,false
20180414,2018-04-14,2018,2,4,April,15,14,7,Saturday,true
20180415,2018-04-15,2018,2,4,April,15,15,1,Sunday,true
20180416,2018-04-16,2018,2,4,April,16,16,2,Monday,false
20180417,2018-04-17,2018,2,4,April,16,17,3,Tuesday,false
20180418,2018-04-18,2018,2,4,April,16,18,4,Wednesday,false
20180419,2018-04-19,2018,2,4,April,16,19,5,Thursday,false
20180420,2018-04-20,2018,2,4,April,16,20,6,Friday,false
20180421,2018-04-21,2018,2,4,April,16,21,7,Saturday,true
20180422,2018-04-22,2018,2,4,April,16,22,1,Sunday,true
20180423,2018-04-23,2018,2,4,April,17,23,2,Monday,false
20180424,2018-04-24,2018,2,4,April,17,24,3,Tuesday,false
20180425,2018-04-25,2018,2,4,April,17,25,4,Wednesday,false
20180426,2018-04-26,2018,2,4,April,17,26,5,Thursday,false
20180427,2018-04-27,2018,2,4,April,17,27,6,Friday,false
20180428,2018-04-28,2018,2,4,April,17,28,7,Saturday,true
20180429,2018-04-29,2018,2,4,April,17,29,1,Sunday,true
20180430,2018-04-30,2018,2,4,April,18,30,2,Monday,false
20180501,2018-05-01,2018,2,5,May,18,1,3,Tuesday,false
20180502,2018-05-02,2018,2,5,May,18,2,4,Wednesday,false
20180503,2018-05-03,2018,2,5,May,18,3,5,Thursday,false
20180504,2018-05-04,2018,2,5,May,18,4,6,Friday,false
20180505,2018-05-05,2018,2,5,May,18,5,7,Saturday,true
20180506,2018-05-06,2018,2,5,May,18,6,1,Sunday,true
20180507,2018-05-07,2018,2,5,May,19,7,2,Monday,false
20180508,2018-05-08,2018,2,5,May,19,8,3,Tuesday,false
20180509,2018-05-09,2018,2,5,May,19,9,4,Wednesday,false
20180510,2018-05-10,2018,2,5,May,19,10,5,Thursday,false
20180511,2018-05-11,2018,2,5,May,19,11,6,Friday,false
20180512,2018-05-12,2018,2,5,May,19,12,7,Saturday,true
20180513,2018-05-13,2018,2,5,May,19,13,1,Sunday,true
20180514,2018-05-14,2018,2,5,May,20,14,2,Monday,false
20180515,2018-05-15,2018,2,5,May,20,15,3,Tuesday,false
20180516,2018-05-16,2018,2,5,May,20,16,4,Wednesday,false
20180517,2018-05-17,2018,2,5,May,20,17,5,Thursday,false
20180518,2018-05-18,2018,2,5,May,20,18,6,Friday,false
20180519,2018-05-19,2018,2,5,May,20,19,7,Saturday,true
20180520,2018-05-20,2018,2,5,May,20,20,1,Sunday,true
20180521,2018-05-21,2018,2,5,May,21,21,2,Monday,false
20180522,2018-05-22,2018,2,5,May,21,22,3,Tuesday,false
20180523,2018-05-23,2018,2,5,May,21,23,4,Wednesday,false
20180524,2018-05-24,2018,2,5,May,21,24,5,Thursday,false
20180525,2018-05-25,2018,2,5,May,21,25,6,Friday,false
20180526,2018-05-26,2018,2,5,May,21,26,7,Saturday,true
20180527,2018-05-27,2018,2,5,May,21,27,1,Sunday,true
20180528,2018-05-28,2018,2,5,May,22,28,2,Monday,false
20180529,2018-05-29,2018,2,5,May,22,29,3,Tuesday,false
20180530,2018-05-30,2018,2,5,May,22,30,4,Wednesday,false
20180531,2018-05-31,2018,2,5,May,22,31,5,Thursday,false
20180601,2018-06-01,2018,2,6,June,22,1,6,Friday,false
20180602,2018-06-02,2018,2,6,June,22,2,7,Saturday,true
20180603,2018-06-03,2018,2,6,June,22,3,1,Sunday,true
20180604,2018-06-04,2018,2,6,June,23,4,2,Monday,false
20180605,2018-06-05,2018,2,6,June,23,5,3,Tuesday,false
20180606,2018-06-06,2018,2,6,June,23,6,4,Wednesday,false
20180607,2018-06-07,2018,2,6,June,23,7,5,Thursday,false
20180608,2018-06-08,2018,2,6,June,23,8,6,Friday,false
20180609,2018-06-09,2018,2,6,June,23,9,7,Saturday,true
20180610,2018-06-10,2018,2,6,June,23,10,1,Sunday,true
20180611,2018-06-11,2018,2,6,June,24,11,2,Monday,false
20180612,2018-06-12,2018,2,6,June,24,12,3,Tuesday,false
20180613,2018-06-13,2018,2,6,June,24,13,4,Wednesday,false
20180614,2018-06-14,2018,2,6,June,24,14,5,Thursday,false
20180615,2018-06-15,2018,2,6,June,24,15,6,Friday,false
20180616,2018-06-16,2018,2,6,June,24,16,7,Saturday,true
20180617,2018-06-17,2018,2,6,June,24,17,1,Sunday,true
20180618,2018-06-18,2018,2,6,June,25,18,2,Monday,false
20180619,2018-06-19,2018,2,6,June,25,19,3,Tuesday,false
20180620,2018-06-20,2018,2,6,June,25,20,4,Wednesday,false
20180621,2018-06-21,2018,2,6,June,25,21,5,Thursday,false
20180622,2018-06-22,2018,2,6,June,25,22,6,Friday,false
20180623,2018-06-23,2018,2,6,June,25,23,7,Saturday,true
20180624,2018-06-24,2018,2,6,June,25,24,1,Sunday,true
20180625,2018-06-25,2018,2,6,June,26,25,2,Monday,false
20180626,2018-06-26,2018,2,6,June,26,26,3,Tuesday,false
20180627,2018-06-27,2018,2,6,June,26,27,4,Wednesday,false
20180628,2018-06-28,2018,2,6,June,26,28,5,Thursday,false
20180629,2018-06-29,2018,2,6,June,26,29,6,Friday,false
20180630,2018-06-30,2018,2,6,June,26,30,7,Saturday,true
20180701,2018-07-01,2018,3,7,July,26,1,1,Sunday,true
20180702,2018-07-02,2018,3,7,July,27,2,2,Monday,false
20180703,2018-07-03,2018,3,7,July,27,3,3,Tuesday,false
20180704,2018-07-04,2018,3,7,July,27,4,4,Wednesday,false
20180705,2018-07-05,2018,3,7,July,27,5,5,Thursday,false
20180706,2018-07-06,2018,3,7,July,27,6,6,Friday,false
20180707,2018-07-07,2018,3,7,July,27,7,7,Saturday,true
20180708,2018-07-08,2018,3,7,July,27,8,1,Sunday,true
20180709,2018-07-09,2018,3,7,July,28,9,2,Monday,false
20180710,2018-07-10,2018,3,7,July,28,10,3,Tuesday,false
20180711,2018-07-11,2018,3,7,July,28,11,4,Wednesday,false
20180712,2018-07-12,2018,3,7,July,28,12,5,Thursday,false
20180713,2018-07-13,2018,3,7,July,28,13,6,Friday,false
20180714,2018-07-14,2018,3,7,July,28,14,7,Saturday,true
20180715,2018-07-15,2018,3,7,July,28,15,1,Sunday,true
20180716,2018-07-16,2018,3,7,July,29,16,2,Monday,false
20180717,2018-07-17,2018,3,7,July,29,17,3,Tuesday,false
20180718,2018-07-18,2018,3,7,July,29,18,4,Wednesday,false
20180719,2018-07-19,2018,3,7,July,29,19,5,Thursday,false
20180720,2018-07-20,2018,3,7,July,29,20,6,Friday,false
20180721,2018-07-21,2018,3,7,July,29,21,7,Saturday,true
20180722,2018-07-22,2018,3,7,July,29,22,1,Sunday,true
20180723,2018-07-23,2018,3,7,July,30,23,2,Monday,false
20180724,2018-07-24,2018,3,7,July,30,24,3,Tuesday,false
20180725,2018-07-25,2018,3,7,July,30,25,4,Wednesday,false
20180726,2018-07-26,2018,3,7,July,30,26,5,Thursday,false
20180727,2018-07-27,2018,3,7,July,30,27,6,Friday,false
20180728,2018-07-28,2018,3,7,July,30,28,7,Saturday,true
20180729,2018-07-29,2018,3,7,July,30,29,1,Sunday,true
20180730,2018-07-30,2018,3,7,July,31,30,2,Monday,false
20180731,2018-07-31,2018,3,7,July,31,31,3,Tuesday,false
20180801,2018-08-01,2018,3,8,August,31,1,4,Wednesday,false
20180802,2018-08-02,2018,3,8,August,31,2,5,Thursday,false
20180803,2018-08-03,2018,3,8,August,31,3,6,Friday,false
20180804,2018-08-04,2018,3,8,August,31,4,7,Saturday,true
20180805,2018-08-05,2018,3,8,August,31,5,1,Sunday,true
20180806,2018-08-06,2018,3,8,August,32,6,2,Monday,false
20180807,2018-08-07,2018,3,8,August,32,7,3,Tuesday,false
20180808,2018-08-08,2018,3,8,August,32,8,4,Wednesday,false
20180809,2018-08-09,2018,3,8,August,32,9,5,Thursday,false
20180810,2018-08-10,2018,3,8,August,32,10,6,Friday,false
20180811,2018-08-11,2018,3,8,August,32,11,7,Saturday,true
20180812,2018-08-12,2018,3,8,August,32,12,1,Sunday,true
20180813,2018-08-13,2018,3,8,August,33,13,2,Monday,false
20180814,2018-08-14,2018,3,8,August,33,14,3,Tuesday,false
20180815,2018-08-15,2018,3,8,August,33,15,4,Wednesday,false
20180816,2018-08-16,2018,3,8,August,33,16,5,Thursday,false
20180817,2018-08-17,2018,3,8,August,33,17,6,Friday,false
20180818,2018-08-18,2018,3,8,August,33,18,7,Saturday,true
20180819,2018-08-19,2018,3,8,August,33,19,1,Sunday,true
20180820,2018-08-20,2018,3,8,August,34,20,2,Monday,false
20180821,2018-08-21,2018,3,8,August,34,21,3,Tuesday,false
20180822,2018-08-22,2018,3,8,August,34,22,4,Wednesday,false
20180823,2018-08-23,2018,3,8,August,34,23,5,Thursday,false
20180824,2018-08-24,2018,3,8,August,34,24,6,Friday,false
20180825,2018-08-25,2018,3,8,August,34,25,7,Saturday,true
20180826,2018-08-26,2018,3,8,August,34,26,1,Sunday,true
20180827,2018-08-27,2018,3,8,August,35,27,2,Monday,false
20180828,2018-08-28,2018,3,8,August,35,28,3,Tuesday,false
20180829,2018-08-29,2018,3,8,August,35,29,4,Wednesday,false
20180830,2018-08-30,2018,3,8,August,35,30,5,Thursday,false
20180831,2018-08-31,2018,3,8,August,35,31,6,Friday,false
20180901,2018-09-01,2018,3,9,September,35,1,7,Saturday,true
20180902,2018-09-02,2018,3,9,September,35,2,1,Sunday,true
20180903,2018-09-03,2018,3,9,September,36,3,2,Monday,false
20180904,2018-09-04,2018,3,9,September,36,4,3,Tuesday,false
20180905,2018-09-05,2018,3,9,September,36,5,4,Wednesday,false
20180906,2018-09-06,2018,3,9,September,36,6,5,Thursday,false
20180907,2018-09-07,2018,3,9,September,36,7,6,Friday,false
20180908,2018-09-08,2018,3,9,September,36,8,7,Saturday,true
20180909,2018-09-09,2018,3,9,September,36,9,1,Sunday,true
20180910,2018-09-10,2018,3,9,September,37,10,2,Monday,false
20180911,2018-09-11,2018,3,9,September,37,11,3,Tuesday,false
20180912,2018-09-12,2018,3,9,September,37,12,4,Wednesday,false
20180913,2018-09-13,2018,3,9,September,37,13,5,Thursday,false
20180914,2018-09-14,2018,3,9,September,37,14,6,Friday,false
20180915,2018-09-15,2018,3,9,September,37,15,7,Saturday,true
20180916,2018-09-16,2018,3,9,September,37,16,1,Sunday,true
20180917,2018-09-17,2018,3,9,September,38,17,2,Monday,false
20180918,2018-09-18,2018,3,9,September,38,18,3,Tuesday,false
20180919,2018-09-19,2018,3,9,September,38,19,4,Wednesday,false
20180920,2018-09-20,2018,3,9,September,38,20,5,Thursday,false
20180921,2018-09-21,2018,3,9,September,38,21,6,Friday,false
20180922,2018-09-22,2018,3,9,September,38,22,7,Saturday,true
20180923,2018-09-23,2018,3,9,September,38,23,1,Sunday,true
20180924,2018-09-24,2018,3,9,September,39,24,2,Monday,false
20180925,2018-09-25,2018,3,9,September,39,25,3,Tuesday,false
20180926,2018-09-26,2018,3,9,September,39,26,4,Wednesday,false
20180927,2018-09-27,2018,3,9,September,39,27,5,Thursday,false
20180928,2018-09-28,2018,3,9,September,39,28,6,Friday,false
20180929,2018-09-29,2018,3,9,September,39,29,7,Saturday,true
20180930,2018-09-30,2018,3,9,September,39,30,1,Sunday,true
20181001,2018-10-01,2018,4,10,October,40,1,2,Monday,false
20181002,2018-10-02,2018,4,10,October,40,2,3,Tuesday,false
20181003,2018-10-03,2018,4,10,October,40,3,4,Wednesday,false
20181004,2018-10-04,2018,4,10,October,40,4,5,Thursday,false
20181005,2018-10-05,2018,4,10,October,40,5,6,Friday,false
20181006,2018-10-06,2018,4,10,October,40,6,7,Saturday,true
20181007,2018-10-07,2018,4,10,October,40,7,1,Sunday,true
20181008,2018-10-08,2018,4,10,October,41,8,2,Monday,false
20181009,2018-10-09,2018,4,10,October,41,9,3,Tuesday,false
20181010,2018-10-10,2018,4,10,October,41,10,4,Wednesday,false
20181011,2018-10-11,2018,4,10,October,41,11,5,Thursday,false
20181012,2018-10-12,2018,4,10,October,41,12,6,Friday,false
20181013,2018-10-13,2018,4,10,October,41,13,7,Saturday,true
20181014,2018-10-14,2018,4,10,October,41,14,1,Sunday,true
20181015,2018-10-15,2018,4,10,October,42,15,2,Monday,false
20181016,2018-10-16,2018,4,10,October,42,16,3,Tuesday,false
20181017,2018-10-17,2018,4,10,October,42,17,4,Wednesday,false
20181018,2018-10-18,2018,4,10,October,42,18,5,Thursday,false
20181019,2018-10-19,2018,4,10,October,42,19,6,Friday,false
20181020,2018-10-20,2018,4,10,October,42,20,7,Saturday,true
20181021,2018-10-21,2018,4,10,October,42,21,1,Sunday,true
20181022,2018-10-22,2018,4,10,October,43,22,2,Monday,false
20181023,2018-10-23,2018,4,10,October,43,23,3,Tuesday,false
20181024,2018-10-24,2018,4,10,October,43,24,4,Wednesday,false
20181025,2018-10-25,2018,4,10,October,43,25,5,Thursday,false
20181026,2018-10-26,2018,4,10,October,43,26,6,Friday,false
20181027,2018-10-27,2018,4,10,October,43,27,7,Saturday,true
20181028,2018-10-28,2018,4,10,October,43,28,1,Sunday,true
20181029,2018-10-29,2018,4,10,October,44,29,2,Monday,false
20181030,2018-10-30,2018,4,10,October,44,30,3,Tuesday,false
20181031,2018-10-31,2018,4,10,October,44,31,4,Wednesday,false
20181101,2018-11-01,2018,4,11,November,44,1,5,Thursday,false
20181102,2018-11-02,2018,4,11,November,44,2,6,Friday,false
20181103,2018-11-03,2018,4,11,November,44,3,7,Saturday,true
20181104,2018-11-04,2018,4,11,November,44,4,1,Sunday,true
20181105,2018-11-05,2018,4,11,November,45,5,2,Monday,false
20181106,2018-11-06,2018,4,11,November,45,6,3,Tuesday,false
20181107,2018-11-07,2018,4,11,November,45,7,4,Wednesday,false
20181108,2018-11-08,2018,4,11,November,45,8,5,Thursday,false
20181109,2018-11-09,2018,4,11,November,45,9,6,Friday,false
20181110,2018-11-10,2018,4,11,November,45,10,7,Saturday,true
20181111,2018-11-11,2018,4,11,November,45,11,1,Sunday,true
20181112,2018-11-12,2018,4,11,November,46,12,2,Monday,false
20181113,2018-11-13,2018,4,11,November,46,13,3,Tuesday,false
20181114,2018-11-14,2018,4,11,November,46,14,4,Wednesday,false
20181115,2018-11-15,2018,4,11,November,46,15,5,Thursday,false
20181116,2018-11-16,2018,4,11,November,46,16,6,Friday,false
20181117,2018-11-17,2018,4,11,November,46,17,7,Saturday,true
20181118,2018-11-18,2018,4,11,November,46,18,1,Sunday,true
20181119,2018-11-19,2018,4,11,November,47,19,2,Monday,false
20181120,2018-11-20,2018,4,11,November,47,20,3,Tuesday,false
20181121,2018-11-21,2018,4,11,November,47,21,4,Wednesday,false
20181122,2018-11-22,2018,4,11,November,47,22,5,Thursday,false
20181123,2018-11-23,2018,4,11,November,47,23,6,Friday,false
20181124,2018-11-24,2018,4,11,November,47,24,7,Saturday,true
20181125,2018-11-25,2018,4,11,November,47,25,1,Sunday,true
20181126,2018-11-26,2018,4,11,November,48,26,2,Monday,false
20181127,2018-11-27,2018,4,11,November,48,27,3,Tuesday,false
20181128,2018-11-28,2018,4,11,November,48,28,4,Wednesday,false
20181129,2018-11-29,2018,4,11,November,48,29,5,Thursday,false
20181130,2018-11-30,2018,4,11,November,48,30,6,Friday,false
20181201,2018-12-01,2018,4,12,December,48,1,7,Saturday,true
20181202,2018-12-02,2018,4,12,December,48,2,1,Sunday,true
20181203,2018-12-03,2018,4,12,December,49,3,2,Monday,false
20181204,2018-12-04,2018,4,12,December,49,4,3,Tuesday,false
20181205,2018-12-05,2018,4,12,December,49,5,4,Wednesday,false
20181206,2018-12-06,2018,4,12,December,49,6,5,Thursday,false
20181207,2018-12-07,2018,4,12,December,49,7,6,Friday,false
20181208,2018-12-08,2018,4,12,December,49,8,7,Saturday,true
20181209,2018-12-09,2018,4,12,December,49,9,1,Sunday,true
20181210,2018-12-10,2018,4,12,December,50,10,2,Monday,false
20181211,2018-12-11,2018,4,12,December,50,11,3,Tuesday,false
20181212,2018-12-12,2018,4,12,December,50,12,4,Wednesday,false
20181213,2018-12-13,2018,4,12,December,50,13,5,Thursday,false
20181214,2018-12-14,2018,4,12,December,50,14,6,Friday,false
20181215,2018-12-15,2018,4,12,December,50,15,7,Saturday,true
20181216,2018-12-16,2018,4,12,December,50,16,1,Sunday,true
20181217,2018-12-17,2018,4,12,December,51,17,2,Monday,false
20181218,2018-12-18,2018,4,12,December,51,18,3,Tuesday,false
20181219,2018-12-19,2018,4,12,December,51,19,4,Wednesday,false
20181220,2018-12-20,2018,4,12,December,51,20,5,Thursday,false
20181221,2018-12-21,2018,4,12,December,51,21,6,Friday,false
20181222,2018-12-22,2018,4,12,December,51,22,7,Saturday,true
20181223,2018-12-23,2018,4,12,December,51,23,1,Sunday,true
20181224,2018-12-24,2018,4,12,December,52,24,2,Monday,false
20181225,2018-12-25,2018,4,12,December,52,25,3,Tuesday,false
20181226,2018-12-26,2018,4,12,December,52,26,4,Wednesday,false
20181227,2018-12-27,2018,4,12,December,52,27,5,Thursday,false
20181228,2018-12-28,2018,4,12,December,52,28,6,Friday,false
20181229,2018-12-29,2018,4,12,December,52,29,7,Saturday,true
20181230,2018-12-30,2018,4,12,December,52,30,1,Sunday,true
20181231,2018-12-31,2018,4,12,December,1,31,2,Monday,false
20190101,2019-01-01,2019,1,1,January,1,1,3,Tuesday,false
20190102,2019-01-02,2019,1,1,January,1,2,4,Wednesday,false
20190103,2019-01-03,2019,1,1,January,1,3,5,Thursday,false
20190104,2019-01-04,2019,1,1,January,1,4,6,Friday,false
20190105,2019-01-05,2019,1,1,January,1,5,7,Saturday,true
20190106,2019-01-06,2019,1,1,January,1,6,1,Sunday,true
20190107,2019-01-07,2019,1,1,January,2,7,2,Monday,false
20190108,2019-01-08,2019,1,1,January,2,8,3,Tuesday,false
20190109,2019-01-09,2019,1,1,January,2,9,4,Wednesday,false
20190110,2019-01-10,2019,1,1,January,2,10,5,Thursday,false
20190111,2019-01-11,2019,1,1,January,2,11,6,Friday,false
20190112,2019-01-12,2019,1,1,January,2,12,7,Saturday,true
20190113,2019-01-13,2019,1,1,January,2,13,1,Sunday,true
20190114,2019-01-14,2019,1,1,January,3,14,2,Monday,false
20190115,2019-01-15,2019,1,1,January,3,15,3,Tuesday,false
20190116,2019-01-16,2019,1,1,January,3,16,4,Wednesday,false
20190117,2019-01-17,2019,1,1,January,3,17,5,Thursday,false
20190118,2019-01-18,2019,1,1,January,3,18,6,Friday,false
20190119,2019-01-19,2019,1,1,January,3,19,7,Saturday,true
20190120,2019-01-20,2019,1,1,January,3,20,1,Sunday,true
20190121,2019-01-21,2019,1,1,January,4,21,2,Monday,false
20190122,2019-01-22,2019,1,1,January,4,22,3,Tuesday,false
20190123,2019-01-23,2019,1,1,January,4,23,4,Wednesday,false
20190124,2019-01-24,2019,1,1,January,4,24,5,Thursday,false
20190125,2019-01-25,2019,1,1,January,4,25,6,Friday,false
20190126,2019-01-26,2019,1,1,January,4,26,7,Saturday,true
20190127,2019-01-27,2019,1,1,January,4,27,1,Sunday,true
20190128,2019-01-28,2019,1,1,January,5,28,2,Monday,false
20190129,2019-01-29,2019,1,1,January,5,29,3,Tuesday,false
20190130,2019-01-30,2019,1,1,January,5,30,4,Wednesday,false
20190131,2019-01-31,2019,1,1,January,5,31,5,Thursday,false
20190201,2019-02-01,2019,1,2,February,5,1,6,Friday,false
20190202,2019-02-02,2019,1,2,February,5,2,7,Saturday,true
20190203,2019-02-03,2019,1,2,February,5,3,1,Sunday,true
20190204,2019-02-04,2019,1,2,February,6,4,2,Monday,false
20190205,2019-02-05,2019,1,2,February,6,5,3,Tuesday,false
20190206,2019-02-06,2019,1,2,February,6,6,4,Wednesday,false
20190207,2019-02-07,2019,1,2,February,6,7,5,Thursday,false
20190208,2019-02-08,2019,1,2,February,6,8,6,Friday,false
20190209,2019-02-09,2019,1,2,February,6,9,7,Saturday,true
20190210,2019-02-10,2019,1,2,February,6,10,1,Sunday,true
20190211,2019-02-11,2019,1,2,February,7,11,2,Monday,false
20190212,2019-02-12,2019,1,2,February,7,12,3,Tuesday,false
20190213,2019-02-13,2019,1,2,February,7,13,4,Wednesday,false
20190214,2019-02-14,2019,1,2,February,7,14,5,Thursday,false
20190215,2019-02-15,2019,1,2,February,7,15,6,Friday,false
20190216,2019-02-16,2019,1,2,February,7,16,7,Saturday,true
20190217,2019-02-17,2019,1,2,February,7,17,1,Sunday,true
20190218,2019-02-18,2019,1,2,February,8,18,2,Monday,false
20190219,2019-02-19,2019,1,2,February,8,19,3,Tuesday,false
20190220,2019-02-20,2019,1,2,February,8,20,4,Wednesday,false
20190221,2019-02-21,2019,1,2,February,8,21,5,Thursday,false
20190222,2019-02-22,2019,1,2,February,8,22,6,Friday,false
20190223,2019-02-23,2019,1,2,February,8,23,7,Saturday,true
20190224,2019-02-24,2019,1,2,February,8,24,1,Sunday,true
20190225,2019-02-25,2019,1,2,February,9,25,2,Monday,false
20190226,2019-02-26,2019,1,2,February,9,26,3,Tuesday,false
20190227,2019-02-27,2019,1,2,February,9,27,4,Wednesday,false
20190228,2019-02-28,2019,1,2,February,9,28,5,Thursday,false
20190301,2019-03-01,2019,1,3,March,9,1,6,Friday,false
20190302,2019-03-02,2019,1,3,March,9,2,7,Saturday,true
20190303,2019-03-03,2019,1,3,March,9,3,1,Sunday,true
20190304,2019-03-04,2019,1,3,March,10,4,2,Monday,false
20190305,2019-03-05,2019,1,3,March,10,5,3,Tuesday,false
20190306,2019-03-06,2019,1,3,March,10,6,4,Wednesday,false
20190307,2019-03-07,2019,1,3,March,10,7,5,Thursday,false
20190308,2019-03-08,2019,1,3,March,10,8,6,Friday,false
20190309,2019-03-09,2019,1,3,March,10,9,7,Saturday,true
20190310,2019-03-10,2019,1,3,March,10,10,1,Sunday,true
20190311,2019-03-11,2019,1,3,March,11,11,2,Monday,false
20190312,2019-03-12,2019,1,3,March,11,12,3,Tuesday,false
20190313,2019-03-13,2019,1,3,March,11,13,4,Wednesday,false
20190314,2019-03-14,2019,1,3,March,11,14,5,Thursday,false
20190315,2019-03-15,2019,1,3,March,11,15,6,Friday,false
20190316,2019-03-16,2019,1,3,March,11,16,7,Saturday,true
20190317,2019-03-17,2019,1,3,March,11,17,1,Sunday,true
20190318,2019-03-18,2019,1,3,March,12,18,2,Monday,false
20190319,2019-03-19,2019,1,3,March,12,19,3,Tuesday,false
20190320,2019-03-20,2019,1,3,March,12,20,4,Wednesday,false
20190321,2019-03-21,2019,1,3,March,12,21,5,Thursday,false
20190322,2019-03-22,2019,1,3,March,12,22,6,Friday,false
20190323,2019-03-23,2019,1,3,March,12,23,7,Saturday,true
20190324,2019-03-24,2019,1,3,March,12,24,1,Sunday,true
20190325,2019-03-25,2019,1,3,March,13,25,2,Monday,false
20190326,2019-03-26,2019,1,3,March,13,26,3,Tuesday,false
20190327,2019-03-27,2019,1,3,March,13,27,4,Wednesday,false
20190328,2019-03-28,2019,1,3,March,13,28,5,Thursday,false
20190329,2019-03-29,2019,1,3,March,13,29,6,Friday,false
20190330,2019-03-30,2019,1,3,March,13,30,7,Saturday,true
20190331,2019-03-31,2019,1,3,March,13,31,1,Sunday,true
20190401,2019-04-01,2019,2,4,April,14,1,2,Monday,false
20190402,2019-04-02,2019,2,4,April,14,2,3,Tuesday,false
20190403,2019-04-03,2019,2,4,April,14,3,4,Wednesday,false
20190404,2019-04-04,2019,2,4,April,14,4,5,Thursday,false
20190405,2019-04-05,2019,2,4,April,14,5,6,Friday,false
20190406,2019-04-06,2019,2,4,April,14,6,7,Saturday,true
20190407,2019-04-07,2019,2,4,April,14,7,1,Sunday,true
20190408,2019-04-08,2019,2,4,April,15,8,2,Monday,false
20190409,2019-04-09,2019,2,4,April,15,9,3,Tuesday,false
20190410,2019-04-10,2019,2,4,April,15,10,4,Wednesday,false
20190411,2019-04-11,2019,2,4,April,15,11,5,Thursday,false
20190412,2019-04-12,2019,2,4,April,15,12,6,Friday,false
20190413,2019-04-13,2019,2,4,April,15,13,7,Saturday,true
20190414,2019-04-14,2019,2,4,April,15,14,1,Sunday,true
20190415,2019-04-15,2019,2,4,April,16,15,2,Monday,false
20190416,2019-04-16,2019,2,4,April,16,16,3,Tuesday,false
20190417,2019-04-17,2019,2,4,April,16,17,4,Wednesday,false
20190418,2019-04-18,2019,2,4,April,16,18,5,Thursday,false
20190419,2019-04-19,2019,2,4,April,16,19,6,Friday,false
20190420,2019-04-20,2019,2,4,April,16,20,7,Saturday,true
20190421,2019-04-21,2019,2,4,April,16,21,1,Sunday,true
20190422,2019-04-22,2019,2,4,April,17,22,2,Monday,false
20190423,2019-04-23,2019,2,4,April,17,23,3,Tuesday,false
20190424,2019-04-24,2019,2,4,April,17,24,4,Wednesday,false
20190425,2019-04-25,2019,2,4,April,17,25,5,Thursday,false
20190426,2019-04-26,2019,2,4,April,17,26,6,Friday,false
20190427,2019-04-27,2019,2,4,April,17,27,7,Saturday,true
20190428,2019-04-28,2019,2,4,April,17,28,1,Sunday,true
20190429,2019-04-29,2019,2,4,April,18,29,2,Monday,false
20190430,2019-04-30,2019,2,4,April,18,30,3,Tuesday,false
20190501,2019-05-01,2019,2,5,May,18,1,4,Wednesday,false
20190502,2019-05-02,2019,2,5,May,18,2,5,Thursday,false
20190503,2019-05-03,2019,2,5,May,18,3,6,Friday,false
20190504,2019-05-04,2019,2,5,May,18,4,7,Saturday,true
20190505,2019-05-05,2019,2,5,May,18,5,1,Sunday,true
20190506,2019-05-06,2019,2,5,May,19,6,2,Monday,false
20190507,2019-05-07,2019,2,5,May,19,7,3,Tuesday,false
20190508,2019-05-08,2019,2,5,May,19,8,4,Wednesday,false
20190509,2019-05-09,2019,2,5,May,19,9,5,Thursday,false
20190510,2019-05-10,2019,2,5,May,19,10,6,Friday,false
20190511,2019-05-11,2019,2,5,May,19,11,7,Saturday,true
20190512,2019-05-12,2019,2,5,May,19,12,1,Sunday,true
20190513,2019-05-13,2019,2,5,May,20,13,2,Monday,false
20190514,2019-05-14,2019,2,5,May,20,14,3,Tuesday,false
20190515,2019-05-15,2019,2,5,May,20,15,4,Wednesday,false
20190516,2019-05-16,2019,2,5,May,20,16,5,Thursday,false
20190517,2019-05-17,2019,2,5,May,20,17,6,Friday,false
20190518,2019-05-18,2019,2,5,May,20,18,7,Saturday,true
20190519,2019-05-19,2019,2,5,May,20,19,1,Sunday,true
20190520,2019-05-20,2019,2,5,May,21,20,2,Monday,false
20190521,2019-05-21,2019,2,5,May,21,21,3,Tuesday,false
20190522,2019-05-22,2019,2,5,May,21,22,4,Wednesday,false
20190523,2019-05-23,2019,2,5,May,21,23,5,Thursday,false
20190524,2019-05-24,2019,2,5,May,21,24,6,Friday,false
20190525,2019-05-25,2019,2,5,May,21,25,7,Saturday,true
20190526,2019-05-26,2019,2,5,May,21,26,1,Sunday,true
20190527,2019-05-27,2019,2,5,May,22,27,2,Monday,false
20190528,2019-05-28,2019,2,5,May,22,28,3,Tuesday,false
20190529,2019-05-29,2019,2,5,May,22,29,4,Wednesday,false
20190530,2019-05-30,2019,2,5,May,22,30,5,Thursday,false
20190531,2019-05-31,2019,2,5,May,22,31,6,Friday,false
20190601,2019-06-01,2019,2,6,June,22,1,7,Saturday,true
20190602,2019-06-02,2019,2,6,June,22,2,1,Sunday,true
20190603,2019-06-03,2019,2,6,June,23,3,2,Monday,false
20190604,2019-06-04,2019,2,6,June,23,4,3,Tuesday,false
20190605,2019-06-05,2019,2,6,June,23,5,4,Wednesday,false
20190606,2019-06-06,2019,2,6,June,23,6,5,Thursday,false
20190607,2019-06-07,2019,2,6,June,23,7,6,Friday,false
20190608,2019-06-08,2019,2,6,June,23,8,7,Saturday,true
20190609,2019-06-09,2019,2,6,June,23,9,1,Sunday,true
20190610,2019-06-10,2019,2,6,June,24,10,2,Monday,false
20190611,2019-06-11,2019,2,6,June,24,11,3,Tuesday,false
20190612,2019-06-12,2019,2,6,June,24,12,4,Wednesday,false
20190613,2019-06-13,2019,2,6,June,24,13,5,Thursday,false
20190614,2019-06-14,2019,2,6,June,24,14,6,Friday,false
20190615,2019-06-15,2019,2,6,June,24,15,7,Saturday,true
20190616,2019-06-16,2019,2,6,June,24,16,1,Sunday,true
20190617,2019-06-17,2019,2,6,June,25,17,2,Monday,false
20190618,2019-06-18,2019,2,6,June,25,18,3,Tuesday,false
20190619,2019-06-19,2019,2,6,June,25,19,4,Wednesday,false
20190620,2019-06-20,2019,2,6,June,25,20,5,Thursday,false
20190621,2019-06-21,2019,2,6,June,25,21,6,Friday,false
20190622,2019-06-22,2019,2,6,June,25,22,7,Saturday,true
20190623,2019-06-23,2019,2,6,June,25,23,1,Sunday,true
20190624,2019-06-24,2019,2,6,June,26,24,2,Monday,false
20190625,2019-06-25,2019,2,6,June,26,25,3,Tuesday,false
20190626,2019-06-26,2019,2,6,June,26,26,4,Wednesday,false
20190627,2019-06-27,2019,2,6,June,26,27,5,Thursday,false
20190628,2019-06-28,2019,2,6,June,26,28,6,Friday,false
20190629,2019-06-29,2019,2,6,June,26,29,7,Saturday,true
20190630,2019-06-30,2019,2,6,June,26,30,1,Sunday,true
20190701,2019-07-01,2019,3,7,July,27,1,2,Monday,false
20190702,2019-07-02,2019,3,7,July,27,2,3,Tuesday,false
20190703,2019-07-03,2019,3,7,July,27,3,4,Wednesday,false
20190704,2019-07-04,2019,3,7,July,27,4,5,Thursday,false
20190705,2019-07-05,2019,3,7,July,27,5,6,Friday,false
20190706,2019-07-06,2019,3,7,July,27,6,7,Saturday,true
20190707,2019-07-07,2019,3,7,July,27,7,1,Sunday,true
20190708,2019-07-08,2019,3,7,July,28,8,2,Monday,false
20190709,2019-07-09,2019,3,7,July,28,9,3,Tuesday,false
20190710,2019-07-10,2019,3,7,July,28,10,4,Wednesday,false
20190711,2019-07-11,2019,3,7,July,28,11,5,Thursday,false
20190712,2019-07-12,2019,3,7,July,28,12,6,Friday,false
20190713,2019-07-13,2019,3,7,July,28,13,7,Saturday,true
20190714,2019-07-14,2019,3,7,July,28,14,1,Sunday,true
20190715,2019-07-15,2019,3,7,July,29,15,2,Monday,false
20190716,2019-07-16,2019,3,7,July,29,16,3,Tuesday,false
20190717,2019-07-17,2019,3,7,July,29,17,4,Wednesday,false
20190718,2019-07-18,2019,3,7,July,29,18,5,Thursday,false
20190719,2019-07-19,2019,3,7,July,29,19,6,Friday,false
20190720,2019-07-20,2019,3,7,July,29,20,7,Saturday,true
20190721,2019-07-21,2019,3,7,July,29,21,1,Sunday,true
20190722,2019-07-22,2019,3,7,July,30,22,2,Monday,false
20190723,2019-07-23,2019,3,7,July,30,23,3,Tuesday,false
20190724,2019-07-24,2019,3,7,July,30,24,4,Wednesday,false
20190725,2019-07-25,2019,3,7,July,30,25,5,Thursday,false
20190726,2019-07-26,2019,3,7,July,30,26,6,Friday,false
20190727,2019-07-27,2019,3,7,July,30,27,7,Saturday,true
20190728,2019-07-28,2019,3,7,July,30,28,1,Sunday,true
20190729,2019-07-29,2019,3,7,July,31,29,2,Monday,false
20190730,2019-07-30,2019,3,7,July,31,30,3,Tuesday,false
20190731,2019-07-31,2019,3,7,July,31,31,4,Wednesday,false
20190801,2019-08-01,2019,3,8,August,31,1,5,Thursday,false
20190802,2019-08-02,2019,3,8,August,31,2,6,Friday,false
20190803,2019-08-03,2019,3,8,August,31,3,7,Saturday,true
20190804,2019-08-04,2019,3,8,August,31,4,1,Sunday,true
20190805,2019-08-05,2019,3,8,August,32,5,2,Monday,false
20190806,2019-08-06,2019,3,8,August,32,6,3,Tuesday,false
20190807,2019-08-07,2019,3,8,August,32,7,4,Wednesday,false
20190808,2019-08-08,2019,3,8,August,32,8,5,Thursday,false
20190809,2019-08-09,2019,3,8,August,32,9,6,Friday,false
20190810,2019-08-10,2019,3,8,August,32,10,7,Saturday,true
20190811,2019-08-11,2019,3,8,August,32,11,1,Sunday,true
20190812,2019-08-12,2019,3,8,August,33,12,2,Monday,false
20190813,2019-08-13,2019,3,8,August,33,13,3,Tuesday,false
20190814,2019-08-14,2019,3,8,August,33,14,4,Wednesday,false
20190815,2019-08-15,2019,3,8,August,33,15,5,Thursday,false
20190816,2019-08-16,2019,3,8,August,33,16,6,Friday,false
20190817,2019-08-17,2019,3,8,August,33,17,7,Saturday,true
20190818,2019-08-18,2019,3,8,August,33,18,1,Sunday,true
20190819,2019-08-19,2019,3,8,August,34,19,2,Monday,false
20190820,2019-08-20,2019,3,8,August,34,20,3,Tuesday,false
20190821,2019-08-21,2019,3,8,August,34,21,4,Wednesday,false
20190822,2019-08-22,2019,3,8,August,34,22,5,Thursday,false
20190823,2019-08-23,2019,3,8,August,34,23,6,Friday,false
20190824,2019-08-24,2019,3,8,August,34,24,7,Saturday,true
20190825,2019-08-25,2019,3,8,August,34,25,1,Sunday,true
20190826,2019-08-26,2019,3,8,August,35,26,2,Monday,false
20190827,2019-08-27,2019,3,8,August,35,27,3,Tuesday,false
20190828,2019-08-28,2019,3,8,August,35,28,4,Wednesday,false
20190829,2019-08-29,2019,3,8,August,35,29,5,Thursday,false
20190830,2019-08-30,2019,3,8,August,35,30,6,Friday,false
20190831,2019-08-31,2019,3,8,August,35,31,7,Saturday,true
20190901,2019-09-01,2019,3,9,September,35,1,1,Sunday,true
20190902,2019-09-02,2019,3,9,September,36,2,2,Monday,false
20190903,2019-09-03,2019,3,9,September,36,3,3,Tuesday,false
20190904,2019-09-04,2019,3,9,September,36,4,4,Wednesday,false
20190905,2019-09-05,2019,3,9,September,36,5,5,Thursday,false
20190906,2019-09-06,2019,3,9,September,36,6,6,Friday,false
20190907,2019-09-07,2019,3,9,September,36,7,7,Saturday,true
20190908,2019-09-08,2019,3,9,September,36,8,1,Sunday,true
20190909,2019-09-09,2019,3,9,September,37,9,2,Monday,false
20190910,2019-09-10,2019,3,9,September,37,10,3,Tuesday,false
20190911,2019-09-11,2019,3,9,September,37,11,4,Wednesday,false
20190912,2019-09-12,2019,3,9,September,37,12,5,Thursday,false
20190913,2019-09-13,2019,3,9,September,37,13,6,Friday,false
20190914,2019-09-14,2019,3,9,September,37,14,7,Saturday,true
20190915,2019-09-15,2019,3,9,September,37,15,1,Sunday,true
20190916,2019-09-16,2019,3,9,September,38,16,2,Monday,false
20190917,2019-09-17,2019,3,9,September,38,17,3,Tuesday,false
20190918,2019-09-18,2019,3,9,September,38,18,4,Wednesday,false
20190919,2019-09-19,2019,3,9,September,38,19,5,Thursday,false
20190920,2019-09-20,2019,3,9,September,38,20,6,Friday,false
20190921,2019-09-21,2019,3,9,September,38,21,7,Saturday,true
20190922,2019-09-22,2019,3,9,September,38,22,1,Sunday,true
20190923,2019-09-23,2019,3,9,September,39,23,2,Monday,false
20190924,2019-09-24,2019,3,9,September,39,24,3,Tuesday,false
20190925,2019-09-25,2019,3,9,September,39,25,4,Wednesday,false
20190926,2019-09-26,2019,3,9,September,39,26,5,Thursday,false
20190927,2019-09-27,2019,3,9,September,39,27,6,Friday,false
20190928,2019-09-28,2019,3,9,September,39,28,7,Saturday,true
20190929,2019-09-29,2019,3,9,September,39,29,1,Sunday,true
20190930,2019-09-30,2019,3,9,September,40,30,2,Monday,false
20191001,2019-10-01,2019,4,10,October,40,1,3,Tuesday,false
20191002,2019-10-02,2019,4,10,October,40,2,4,Wednesday,false
20191003,2019-10-03,2019,4,10,October,40,3,5,Thursday,false
20191004,2019-10-04,2019,4,10,October,40,4,6,Friday,false
20191005,2019-10-05,2019,4,10,October,40,5,7,Saturday,true
20191006,2019-10-06,2019,4,10,October,40,6,1,Sunday,true
20191007,2019-10-07,2019,4,10,October,41,7,2,Monday,false
20191008,2019-10-08,2019,4,10,October,41,8,3,Tuesday,false
20191009,2019-10-09,2019,4,10,October,41,9,4,Wednesday,false
20191010,2019-10-10,2019,4,10,October,41,10,5,Thursday,false
20191011,2019-10-11,2019,4,10,October,41,11,6,Friday,false
20191012,2019-10-12,2019,4,10,October,41,12,7,Saturday,true
20191013,2019-10-13,2019,4,10,October,41,13,1,Sunday,true
20191014,2019-10-14,2019,4,10,October,42,14,2,Monday,false
20191015,2019-10-15,2019,4,10,October,42,15,3,Tuesday,false
20191016,2019-10-16,2019,4,10,October,42,16,4,Wednesday,false
20191017,2019-10-17,2019,4,10,October,42,17,5,Thursday,false
20191018,2019-10-18,2019,4,10,October,42,18,6,Friday,false
20191019,2019-10-19,2019,4,10,October,42,19,7,Saturday,true
20191020,2019-10-20,2019,4,10,October,42,20,1,Sunday,true
20191021,2019-10-21,2019,4,10,October,43,21,2,Monday,false
20191022,2019-10-22,2019,4,10,October,43,22,3,Tuesday,false
20191023,2019-10-23,2019,4,10,October,43,23,4,Wednesday,false
20191024,2019-10-24,2019,4,10,October,43,24,5,Thursday,false
20191025,2019-10-25,2019,4,10,October,43,25,6,Friday,false
20191026,2019-10-26,2019,4,10,October,43,26,7,Saturday,true
20191027,2019-10-27,2019,4,10,October,43,27,1,Sunday,true
20191028,2019-10-28,2019,4,10,October,44,28,2,Monday,false
20191029,2019-10-29,2019,4,10,October,44,29,3,Tuesday,false
20191030,2019-10-30,2019,4,10,October,44,30,4,Wednesday,false
20191031,2019-10-31,2019,4,10,October,44,31,5,Thursday,false
20191101,2019-11-01,2019,4,11,November,44,1,6,Friday,false
20191102,2019-11-02,2019,4,11,November,44,2,7,Saturday,true
20191103,2019-11-03,2019,4,11,November,44,3,1,Sunday,true
20191104,2019-11-04,2019,4,11,November,45,4,2,Monday,false
20191105,2019-11-05,2019,4,11,November,45,5,3,Tuesday,false
20191106,2019-11-06,2019,4,11,November,45,6,4,Wednesday,false
20191107,2019-11-07,2019,4,11,November,45,7,5,Thursday,false
20191108,2019-11-08,2019,4,11,November,45,8,6,Friday,false
20191109,2019-11-09,2019,4,11,November,45,9,7,Saturday,true
20191110,2019-11-10,2019,4,11,November,45,10,1,Sunday,true
20191111,2019-11-11,2019,4,11,November,46,11,2,Monday,false
20191112,2019-11-12,2019,4,11,November,46,12,3,Tuesday,false
20191113,2019-11-13,2019,4,11,November,46,13,4,Wednesday,false
20191114,2019-11-14,2019,4,11,November,46,14,5,Thursday,false
20191115,2019-11-15,2019,4,11,November,46,15,6,Friday,false
20191116,2019-11-16,2019,4,11,November,46,16,7,Saturday,true
20191117,2019-11-17,2019,4,11,November,46,17,1,Sunday,true
20191118,2019-11-18,2019,4,11,November,47,18,2,Monday,false
20191119,2019-11-19,2019,4,11,November,47,19,3,Tuesday,false
20191120,2019-11-20,2019,4,11,November,47,20,4,Wednesday,false
20191121,2019-11-21,2019,4,11,November,47,21,5,Thursday,false
20191122,2019-11-22,2019,4,11,November,47,22,6,Friday,false
20191123,2019-11-23,2019,4,11,November,47,23,7,Saturday,true
20191124,2019-11-24,2019,4,11,November,47,24,1,Sunday,true
20191125,2019-11-25,2019,4,11,November,48,25,2,Monday,false
20191126,2019-11-26,2019,4,11,November,48,26,3,Tuesday,false
20191127,2019-11-27,2019,4,11,November,48,27,4,Wednesday,false
20191128,2019-11-28,2019,4,11,November,48,28,5,Thursday,false
20191129,2019-11-29,2019,4,11,November,48,29,6,Friday,false
20191130,2019-11-30,2019,4,11,November,48,30,7,Saturday,true
20191201,2019-12-01,2019,4,12,December,48,1,1,Sunday,true
20191202,2019-12-02,2019,4,12,December,49,2,2,Monday,false
20191203,2019-12-03,2019,4,12,December,49,3,3,Tuesday,false
20191204,2019-12-04,2019,4,12,December,49,4,4,Wednesday,false
20191205,2019-12-05,2019,4,12,December,49,5,5,Thursday,false
20191206,2019-12-06,2019,4,12,December,49,6,6,Friday,false
20191207,2019-12-07,2019,4,12,December,49,7,7,Saturday,true
20191208,2019-12-08,2019,4,12,December,49,8,1,Sunday,true
20191209,2019-12-09,2019,4,12,December,50,9,2,Monday,false
20191210,2019-12-10,2019,4,12,December,50,10,3,Tuesday,false
20191211,2019-12-11,2019,4,12,December,50,11,4,Wednesday,false
20191212,2019-12-12,2019,4,12,December,50,12,5,Thursday,false
20191213,2019-12-13,2019,4,12,December,50,13,6,Friday,false
20191214,2019-12-14,2019,4,12,December,50,14,7,Saturday,true
20191215,2019-12-15,2019,4,12,December,50,15,1,Sunday,true
20191216,2019-12-16,2019,4,12,December,51,16,2,Monday,false
20191217,2019-12-17,2019,4,12,December,51,17,3,Tuesday,false
20191218,2019-12-18,2019,4,12,December,51,18,4,Wednesday,false
20191219,2019-12-19,2019,4,12,December,51,19,5,Thursday,false
20191220,2019-12-20,2019,4,12,December,51,20,6,Friday,false
20191221,2019-12-21,2019,4,12,December,51,21,7,Saturday,true
20191222,2019-12-22,2019,4,12,December,51,22,1,Sunday,true
20191223,2019-12-23,2019,4,12,December,52,23,2,Monday,false
20191224,2019-12-24,2019,4,12,December,52,24,3,Tuesday,false
20191225,2019-12-25,2019,4,12,December,52,25,4,Wednesday,false
20191226,2019-12-26,2019,4,12,December,52,26,5,Thursday,false
20191227,2019-12-27,2019,4,12,December,52,27,6,Friday,false
20191228,2019-12-28,2019,4,12,December,52,28,7,Saturday,true
20191229,2019-12-29,2019,4,12,December,52,29,1,Sunday,true
20191230,2019-12-30,2019,4,12,December,1,30,2,Monday,false
20191231,2019-12-31,2019,4,12,December,1,31,3,Tuesday,false
20200101,2020-01-01,2020,1,1,January,1,1,4,Wednesday,false
20200102,2020-01-02,2020,1,1,January,1,2,5,Thursday,false
20200103,2020-01-03,2020,1,1,January,1,3,6,Friday,false
20200104,2020-01-04,2020,1,1,January,1,4,7,Saturday,true
20200105,2020-01-05,2020,1,1,January,1,5,1,Sunday,true
20200106,2020-01-06,2020,1,1,January,2,6,2,Monday,false
20200107,2020-01-07,2020,1,1,January,2,7,3,Tuesday,false
20200108,2020-01-08,2020,1,1,January,2,8,4,Wednesday,false
20200109,2020-01-09,2020,1,1,January,2,9,5,Thursday,false
20200110,2020-01-10,2020,1,1,January,2,10,6,Friday,false
20200111,2020-01-11,2020,1,1,January,2,11,7,Saturday,true
20200112,2020-01-12,2020,1,1,January,2,12,1,Sunday,true
20200113,2020-01-13,2020,1,1,January,3,13,2,Monday,false
20200114,2020-01-14,2020,1,1,January,3,14,3,Tuesday,false
20200115,2020-01-15,2020,1,1,January,3,15,4,Wednesday,false
20200116,2020-01-16,2020,1,1,January,3,16,5,Thursday,false
20200117,2020-01-17,2020,1,1,January,3,17,6,Friday,false
20200118,2020-01-18,2020,1,1,January,3,18,7,Saturday,true
20200119,2020-01-19,2020,1,1,January,3,19,1,Sunday,true
20200120,2020-01-20,2020,1,1,January,4,20,2,Monday,false
20200121,2020-01-21,2020,1,1,January,4,21,3,Tuesday,false
20200122,2020-01-22,2020,1,1,January,4,22,4,Wednesday,false
20200123,2020-01-23,2020,1,1,January,4,23,5,Thursday,false
20200124,2020-01-24,2020,1,1,January,4,24,6,Friday,false
20200125,2020-01-25,2020,1,1,January,4,25,7,Saturday,true
20200126,2020-01-26,2020,1,1,January,4,26,1,Sunday,true
20200127,2020-01-27,2020,1,1,January,5,27,2,Monday,false
20200128,2020-01-28,2020,1,1,January,5,28,3,Tuesday,false
20200129,2020-01-29,2020,1,1,January,5,29,4,Wednesday,false
20200130,2020-01-30,2020,1,1,January,5,30,5,Thursday,false
20200131,2020-01-31,2020,1,1,January,5,31,6,Friday,false
20200201,2020-02-01,2020,1,2,February,5,1,7,Saturday,true
20200202,2020-02-02,2020,1,2,February,5,2,1,Sunday,true
20200203,2020-02-03,2020,1,2,February,6,3,2,Monday,false
20200204,2020-02-04,2020,1,2,February,6,4,3,Tuesday,false
20200205,2020-02-05,2020,1,2,February,6,5,4,Wednesday,false
20200206,2020-02-06,2020,1,2,February,6,6,5,Thursday,false
20200207,2020-02-07,2020,1,2,February,6,7,6,Friday,false
20200208,2020-02-08,2020,1,2,February,6,8,7,Saturday,true
20200209,2020-02-09,2020,1,2,February,6,9,1,Sunday,true
20200210,2020-02-10,2020,1,2,February,7,10,2,Monday,false
20200211,2020-02-11,2020,1,2,February,7,11,3,Tuesday,false
20200212,2020-02-12,2020,1,2,February,7,12,4,Wednesday,false
20200213,2020-02-13,2020,1,2,February,7,13,5,Thursday,false
20200214,2020-02-14,2020,1,2,February,7,14,6,Friday,false
20200215,2020-02-15,2020,1,2,February,7,15,7,Saturday,true
20200216,2020-02-16,2020,1,2,February,7,16,1,Sunday,true
20200217,2020-02-17,2020,1,2,February,8,17,2,Monday,false
20200218,2020-02-18,2020,1,2,February,8,18,3,Tuesday,false
20200219,2020-02-19,2020,1,2,February,8,19,4,Wednesday,false
20200220,2020-02-20,2020,1,2,February,8,20,5,Thursday,false
20200221,2020-02-21,2020,1,2,February,8,21,6,Friday,false
20200222,2020-02-22,2020,1,2,February,8,22,7,Saturday,true
20200223,2020-02-23,2020,1,2,February,8,23,1,Sunday,true
20200224,2020-02-24,2020,1,2,February,9,24,2,Monday,false
20200225,2020-02-25,2020,1,2,February,9,25,3,Tuesday,false
20200226,2020-02-26,2020,1,2,February,9,26,4,Wednesday,false
20200227,2020-02-27,2020,1,2,February,9,27,5,Thursday,false
20200228,2020-02-28,2020,1,2,February,9,28,6,Friday,false
20200229,2020-02-29,2020,1,2,February,9,29,7,Saturday,true
20200301,2020-03-01,2020,1,3,March,9,1,1,Sunday,true
20200302,2020-03-02,2020,1,3,March,10,2,2,Monday,false
20200303,2020-03-03,2020,1,3,March,10,3,3,Tuesday,false
20200304,2020-03-04,2020,1,3,March,10,4,4,Wednesday,false
20200305,2020-03-05,2020,1,3,March,10,5,5,Thursday,false
20200306,2020-03-06,2020,1,3,March,10,6,6,Friday,false
20200307,2020-03-07,2020,1,3,March,10,7,7,Saturday,true
20200308,2020-03-08,2020,1,3,March,10,8,1,Sunday,true
20200309,2020-03-09,2020,1,3,March,11,9,2,Monday,false
20200310,2020-03-10,2020,1,3,March,11,10,3,Tuesday,false
20200311,2020-03-11,2020,1,3,March,11,11,4,Wednesday,false
20200312,2020-03-12,2020,1,3,March,11,12,5,Thursday,false
20200313,2020-03-13,2020,1,3,March,11,13,6,Friday,false
20200314,2020-03-14,2020,1,3,March,11,14,7,Saturday,true
20200315,2020-03-15,2020,1,3,March,11,15,1,Sunday,true
20200316,2020-03-16,2020,1,3,March,12,16,2,Monday,false
20200317,2020-03-17,2020,1,3,March,12,17,3,Tuesday,false
20200318,2020-03-18,2020,1,3,March,12,18,4,Wednesday,false
20200319,2020-03-19,2020,1,3,March,12,19,5,Thursday,false
20200320,2020-03-20,2020,1,3,March,12,20,6,Friday,false
20200321,2020-03-21,2020,1,3,March,12,21,7,Saturday,true
20200322,2020-03-22,2020,1,3,March,12,22,1,Sunday,true
20200323,2020-03-23,2020,1,3,March,13,23,2,Monday,false
20200324,2020-03-24,2020,1,3,March,13,24,3,Tuesday,false
20200325,2020-03-25,2020,1,3,March,13,25,4,Wednesday,false
20200326,2020-03-26,2020,1,3,March,13,26,5,Thursday,false
20200327,2020-03-27,2020,1,3,March,13,27,6,Friday,false
20200328,2020-03-28,2020,1,3,March,13,28,7,Saturday,true
20200329,2020-03-29,2020,1,3,March,13,29,1,Sunday,true
20200330,2020-03-30,2020,1,3,March,14,30,2,Monday,false
20200331,2020-03-31,2020,1,3,March,14,31,3,Tuesday,false
20200401,2020-04-01,2020,2,4,April,14,1,4,Wednesday,false
20200402,2020-04-02,2020,2,4,April,14,2,5,Thursday,false
20200403,2020-04-03,2020,2,4,April,14,3,6,Friday,false
20200404,2020-04-04,2020,2,4,April,14,4,7,Saturday,true
20200405,2020-04-05,2020,2,4,April,14,5,1,Sunday,true
20200406,2020-04-06,2020,2,4,April,15,6,2,Monday,false
20200407,2020-04-07,2020,2,4,April,15,7,3,Tuesday,false
20200408,2020-04-08,2020,2,4,April,15,8,4,Wednesday,false
20200409,2020-04-09,2020,2,4,April,15,9,5,Thursday,false
20200410,2020-04-10,2020,2,4,April,15,10,6,Friday,false
20200411,2020-04-11,2020,2,4,April,15,11,7,Saturday,true
20200412,2020-04-12,2020,2,4,April,15,12,1,Sunday,true
20200413,2020-04-13,2020,2,4,April,16,13,2,Monday,false
20200414,2020-04-14,2020,2,4,April,16,14,3,Tuesday,false
20200415,2020-04-15,2020,2,4,April,16,15,4,Wednesday,false
20200416,2020-04-16,2020,2,4,April,16,16,5,Thursday,false
20200417,2020-04-17,2020,2,4,April,16,17,6,Friday,false
20200418,2020-04-18,2020,2,4,April,16,18,7,Saturday,true
20200419,2020-04-19,2020,2,4,April,16,19,1,Sunday,true
20200420,2020-04-20,2020,2,4,April,17,20,2,Monday,false
20200421,2020-04-21,2020,2,4,April,17,21,3,Tuesday,false
20200422,2020-04-22,2020,2,4,April,17,22,4,Wednesday,false
20200423,2020-04-23,2020,2,4,April,17,23,5,Thursday,false
20200424,2020-04-24,2020,2,4,April,17,24,6,Friday,false
20200425,2020-04-25,2020,2,4,April,17,25,7,Saturday,true
20200426,2020-04-26,2020,2,4,April,17,26,1,Sunday,true
20200427,2020-04-27,2020,2,4,April,18,27,2,Monday,false
20200428,2020-04-28,2020,2,4,April,18,28,3,Tuesday,false
20200429,2020-04-29,2020,2,4,April,18,29,4,Wednesday,false
20200430,2020-04-30,2020,2,4,April,18,30,5,Thursday,false
20200501,2020-05-01,2020,2,5,May,18,1,6,Friday,false
20200502,2020-05-02,2020,2,5,May,18,2,7,Saturday,true
20200503,2020-05-03,2020,2,5,May,18,3,1,Sunday,true
20200504,2020-05-04,2020,2,5,May,19,4,2,Monday,false
20200505,2020-05-05,2020,2,5,May,19,5,3,Tuesday,false
20200506,2020-05-06,2020,2,5,May,19,6,4,Wednesday,false
20200507,2020-05-07,2020,2,5,May,19,7,5,Thursday,false
20200508,2020-05-08,2020,2,5,May,19,8,6,Friday,false
20200509,2020-05-09,2020,2,5,May,19,9,7,Saturday,true
20200510,2020-05-10,2020,2,5,May,19,10,1,Sunday,true
20200511,2020-05-11,2020,2,5,May,20,11,2,Monday,false
20200512,2020-05-12,2020,2,5,May,20,12,3,Tuesday,false
20200513,2020-05-13,2020,2,5,May,20,13,4,Wednesday,false
20200514,2020-05-14,2020,2,5,May,20,14,5,Thursday,false
20200515,2020-05-15,2020,2,5,May,20,15,6,Friday,false
20200516,2020-05-16,2020,2,5,May,20,16,7,Saturday,true
20200517,2020-05-17,2020,2,5,May,20,17,1,Sunday,true
20200518,2020-05-18,2020,2,5,May,21,18,2,Monday,false
20200519,2020-05-19,2020,2,5,May,21,19,3,Tuesday,false
20200520,2020-05-20,2020,2,5,May,21,20,4,Wednesday,false
20200521,2020-05-21,2020,2,5,May,21,21,5,Thursday,false
20200522,2020-05-22,2020,2,5,May,21,22,6,Friday,false
20200523,2020-05-23,2020,2,5,May,21,23,7,Saturday,true
20200524,2020-05-24,2020,2,5,May,21,24,1,Sunday,true
20200525,2020-05-25,2020,2,5,May,22,25,2,Monday,false
20200526,2020-05-26,2020,2,5,May,22,26,3,Tuesday,false
20200527,2020-05-27,2020,2,5,May,22,27,4,Wednesday,false
20200528,2020-05-28,2020,2,5,May,22,28,5,Thursday,false
20200529,2020-05-29,2020,2,5,May,22,29,6,Friday,false
20200530,2020-05-30,2020,2,5,May,22,30,7,Saturday,true
20200531,2020-05-31,2020,2,5,May,22,31,1,Sunday,true
20200601,2020-06-01,2020,2,6,June,23,1,2,Monday,false
20200602,2020-06-02,2020,2,6,June,23,2,3,Tuesday,false
20200603,2020-06-03,2020,2,6,June,23,3,4,Wednesday,false
20200604,2020-06-04,2020,2,6,June,23,4,5,Thursday,false
20200605,2020-06-05,2020,2,6,June,23,5,6,Friday,false
20200606,2020-06-06,2020,2,6,June,23,6,7,Saturday,true
20200607,2020-06-07,2020,2,6,June,23,7,1,Sunday,true
20200608,2020-06-08,2020,2,6,June,24,8,2,Monday,false
20200609,2020-06-09,2020,2,6,June,24,9,3,Tuesday,false
20200610,2020-06-10,2020,2,6,June,24,10,4,Wednesday,false
20200611,2020-06-11,2020,2,6,June,24,11,5,Thursday,false
20200612,2020-06-12,2020,2,6,June,24,12,6,Friday,false
20200613,2020-06-13,2020,2,6,June,24,13,7,Saturday,true
20200614,2020-06-14,2020,2,6,June,24,14,1,Sunday,true
20200615,2020-06-15,2020,2,6,June,25,15,2,Monday,false
20200616,2020-06-16,2020,2,6,June,25,16,3,Tuesday,false
20200617,2020-06-17,2020,2,6,June,25,17,4,Wednesday,false
20200618,2020-06-18,2020,2,6,June,25,18,5,Thursday,false
20200619,2020-06-19,2020,2,6,June,25,19,6,Friday,false
20200620,2020-06-20,2020,2,6,June,25,20,7,Saturday,true
20200621,2020-06-21,2020,2,6,June,25,21,1,Sunday,true
20200622,2020-06-22,2020,2,6,June,26,22,2,Monday,false
20200623,2020-06-23,2020,2,6,June,26,23,3,Tuesday,false
20200624,2020-06-24,2020,2,6,June,26,24,4,Wednesday,false
20200625,2020-06-25,2020,2,6,June,26,25,5,Thursday,false
20200626,2020-06-26,2020,2,6,June,26,26,6,Friday,false
20200627,2020-06-27,2020,2,6,June,26,27,7,Saturday,true
20200628,2020-06-28,2020,2,6,June,26,28,1,Sunday,true
20200629,2020-06-29,2020,2,6,June,27,29,2,Monday,false
20200630,2020-06-30,2020,2,6,June,27,30,3,Tuesday,false
20200701,2020-07-01,2020,3,7,July,27,1,4,Wednesday,false
20200702,2020-07-02,2020,3,7,July,27,2,5,Thursday,false
20200703,2020-07-03,2020,3,7,July,27,3,6,Friday,false
20200704,2020-07-04,2020,3,7,July,27,4,7,Saturday,true
20200705,2020-07-05,2020,3,7,July,27,5,1,Sunday,true
20200706,2020-07-06,2020,3,7,July,28,6,2,Monday,false
20200707,2020-07-07,2020,3,7,July,28,7,3,Tuesday,false
20200708,2020-07-08,2020,3,7,July,28,8,4,Wednesday,false
20200709,2020-07-09,2020,3,7,July,28,9,5,Thursday,false
20200710,2020-07-10,2020,3,7,July,28,10,6,Friday,false
20200711,2020-07-11,2020,3,7,July,28,11,7,Saturday,true
20200712,2020-07-12,2020,3,7,July,28,12,1,Sunday,true
20200713,2020-07-13,2020,3,7,July,29,13,2,Monday,false
20200714,2020-07-14,2020,3,7,July,29,14,3,Tuesday,false
20200715,2020-07-15,2020,3,7,July,29,15,4,Wednesday,false
20200716,2020-07-16,2020,3,7,July,29,16,5,Thursday,false
20200717,2020-07-17,2020,3,7,July,29,17,6,Friday,false
20200718,2020-07-18,2020,3,7,July,29,18,7,Saturday,true
20200719,2020-07-19,2020,3,7,July,29,19,1,Sunday,true
20200720,2020-07-20,2020,3,7,July,30,20,2,Monday,false
20200721,2020-07-21,2020,3,7,July,30,21,3,Tuesday,false
20200722,2020-07-22,2020,3,7,July,30,22,4,Wednesday,false
20200723,2020-07-23,2020,3,7,July,30,23,5,Thursday,false
20200724,2020-07-24,2020,3,7,July,30,24,6,Friday,false
20200725,2020-07-25,2020,3,7,July,30,25,7,Saturday,true
20200726,2020-07-26,2020,3,7,July,30,26,1,Sunday,true
20200727,2020-07-27,2020,3,7,July,31,27,2,Monday,false
20200728,2020-07-28,2020,3,7,July,31,28,3,Tuesday,false
20200729,2020-07-29,2020,3,7,July,31,29,4,Wednesday,false
20200730,2020-07-30,2020,3,7,July,31,30,5,Thursday,false
20200731,2020-07-31,2020,3,7,July,31,31,6,Friday,false
20200801,2020-08-01,2020,3,8,August,31,1,7,Saturday,true
20200802,2020-08-02,2020,3,8,August,31,2,1,Sunday,true
20200803,2020-08-03,2020,3,8,August,32,3,2,Monday,false
20200804,2020-08-04,2020,3,8,August,32,4,3,Tuesday,false
20200805,2020-08-05,2020,3,8,August,32,5,4,Wednesday,false
20200806,2020-08-06,2020,3,8,August,32,6,5,Thursday,false
20200807,2020-08-07,2020,3,8,August,32,7,6,Friday,false
20200808,2020-08-08,2020,3,8,August,32,8,7,Saturday,true
20200809,2020-08-09,2020,3,8,August,32,9,1,Sunday,true
20200810,2020-08-10,2020,3,8,August,33,10,2,Monday,false
20200811,2020-08-11,2020,3,8,August,33,11,3,Tuesday,false
20200812,2020-08-12,2020,3,8,August,33,12,4,Wednesday,false
20200813,2020-08-13,2020,3,8,August,33,13,5,Thursday,false
20200814,2020-08-14,2020,3,8,August,33,14,6,Friday,false
20200815,2020-08-15,2020,3,8,August,33,15,7,Saturday,true
20200816,2020-08-16,2020,3,8,August,33,16,1,Sunday,true
20200817,2020-08-17,2020,3,8,August,34,17,2,Monday,false
20200818,2020-08-18,2020,3,8,August,34,18,3,Tuesday,false
20200819,2020-08-19,2020,3,8,August,34,19,4,Wednesday,false
20200820,2020-08-20,2020,3,8,August,34,20,5,Thursday,false
20200821,2020-08-21,2020,3,8,August,34,21,6,Friday,false
20200822,2020-08-22,2020,3,8,August,34,22,7,Saturday,true
20200823,2020-08-23,2020,3,8,August,34,23,1,Sunday,true
20200824,2020-08-24,2020,3,8,August,35,24,2,Monday,false
20200825,2020-08-25,2020,3,8,August,35,25,3,Tuesday,false
20200826,2020-08-26,2020,3,8,August,35,26,4,Wednesday,false
20200827,2020-08-27,2020,3,8,August,35,27,5,Thursday,false
20200828,2020-08-28,2020,3,8,August,35,28,6,Friday,false
20200829,2020-08-29,2020,3,8,August,35,29,7,Saturday,true
20200830,2020-08-30,2020,3,8,August,35,30,1,Sunday,true
20200831,2020-08-31,2020,3,8,August,36,31,2,Monday,false
20200901,2020-09-01,2020,3,9,September,36,1,3,Tuesday,false
20200902,2020-09-02,2020,3,9,September,36,2,4,Wednesday,false
20200903,2020-09-03,2020,3,9,September,36,3,5,Thursday,false
20200904,2020-09-04,2020,3,9,September,36,4,6,Friday,false
20200905,2020-09-05,2020,3,9,September,36,5,7,Saturday,true
20200906,2020-09-06,2020,3,9,September,36,6,1,Sunday,true
20200907,2020-09-07,2020,3,9,September,37,7,2,Monday,false
20200908,2020-09-08,2020,3,9,September,37,8,3,Tuesday,false
20200909,2020-09-09,2020,3,9,September,37,9,4,Wednesday,false
20200910,2020-09-10,2020,3,9,September,37,10,5,Thursday,false
20200911,2020-09-11,2020,3,9,September,37,11,6,Friday,false
20200912,2020-09-12,2020,3,9,September,37,12,7,Saturday,true
20200913,2020-09-13,2020,3,9,September,37,13,1,Sunday,true
20200914,2020-09-14,2020,3,9,September,38,14,2,Monday,false
20200915,2020-09-15,2020,3,9,September,38,15,3,Tuesday,false
20200916,2020-09-16,2020,3,9,September,38,16,4,Wednesday,false
20200917,2020-09-17,2020,3,9,September,38,17,5,Thursday,false
20200918,2020-09-18,2020,3,9,September,38,18,6,Friday,false
20200919,2020-09-19,2020,3,9,September,38,19,7,Saturday,true
20200920,2020-09-20,2020,3,9,September,38,20,1,Sunday,true
20200921,2020-09-21,2020,3,9,September,39,21,2,Monday,false
20200922,2020-09-22,2020,3,9,September,39,22,3,Tuesday,false
20200923,2020-09-23,2020,3,9,September,39,23,4,Wednesday,false
20200924,2020-09-24,2020,3,9,September,39,24,5,Thursday,false
20200925,2020-09-25,2020,3,9,September,39,25,6,Friday,false
20200926,2020-09-26,2020,3,9,September,39,26,7,Saturday,true
20200927,2020-09-27,2020,3,9,September,39,27,1,Sunday,true
20200928,2020-09-28,2020,3,9,September,40,28,2,Monday,false
20200929,2020-09-29,2020,3,9,September,40,29,3,Tuesday,false
20200930,2020-09-30,2020,3,9,September,40,30,4,Wednesday,false
20201001,2020-10-01,2020,4,10,October,40,1,5,Thursday,false
20201002,2020-10-02,2020,4,10,October,40,2,6,Friday,false
20201003,2020-10-03,2020,4,10,October,40,3,7,Saturday,true
20201004,2020-10-04,2020,4,10,October,40,4,1,Sunday,true
20201005,2020-10-05,2020,4,10,October,41,5,2,Monday,false
20201006,2020-10-06,2020,4,10,October,41,6,3,Tuesday,false
20201007,2020-10-07,2020,4,10,October,41,7,4,Wednesday,false
20201008,2020-10-08,2020,4,10,October,41,8,5,Thursday,false
20201009,2020-10-09,2020,4,10,October,41,9,6,Friday,false
20201010,2020-10-10,2020,4,10,October,41,10,7,Saturday,true
20201011,2020-10-11,2020,4,10,October,41,11,1,Sunday,true
20201012,2020-10-12,2020,4,10,October,42,12,2,Monday,false
20201013,2020-10-13,2020,4,10,October,42,13,3,Tuesday,false
20201014,2020-10-14,2020,4,10,October,42,14,4,Wednesday,false
20201015,2020-10-15,2020,4,10,October,42,15,5,Thursday,false
20201016,2020-10-16,2020,4,10,October,42,16,6,Friday,false
20201017,2020-10-17,2020,4,10,October,42,17,7,Saturday,true
20201018,2020-10-18,2020,4,10,October,42,18,1,Sunday,true
20201019,2020-10-19,2020,4,10,October,43,19,2,Monday,false
20201020,2020-10-20,2020,4,10,October,43,20,3,Tuesday,false
20201021,2020-10-21,2020,4,10,October,43,21,4,Wednesday,false
20201022,2020-10-22,2020,4,10,October,43,22,5,Thursday,false
20201023,2020-10-23,2020,4,10,October,43,23,6,Friday,false
20201024,2020-10-24,2020,4,10,October,43,24,7,Saturday,true
20201025,2020-10-25,2020,4,10,October,43,25,1,Sunday,true
20201026,2020-10-26,2020,4,10,October,44,26,2,Monday,false
20201027,2020-10-27,2020,4,10,October,44,27,3,Tuesday,false
20201028,2020-10-28,2020,4,10,October,44,28,4,Wednesday,false
20201029,2020-10-29,2020,4,10,October,44,29,5,Thursday,false
20201030,2020-10-30,2020,4,10,October,44,30,6,Friday,false
20201031,2020-10-31,2020,4,10,October,44,31,7,Saturday,true
20201101,2020-11-01,2020,4,11,November,44,1,1,Sunday,true
20201102,2020-11-02,2020,4,11,November,45,2,2,Monday,false
20201103,2020-11-03,2020,4,11,November,45,3,3,Tuesday,false
20201104,2020-11-04,2020,4,11,November,45,4,4,Wednesday,false
20201105,2020-11-05,2020,4,11,November,45,5,5,Thursday,false
20201106,2020-11-06,2020,4,11,November,45,6,6,Friday,false
20201107,2020-11-07,2020,4,11,November,45,7,7,Saturday,true
20201108,2020-11-08,2020,4,11,November,45,8,1,Sunday,true
20201109,2020-11-09,2020,4,11,November,46,9,2,Monday,false
20201110,2020-11-10,2020,4,11,November,46,10,3,Tuesday,false
20201111,2020-11-11,2020,4,11,November,46,11,4,Wednesday,false
20201112,2020-11-12,2020,4,11,November,46,12,5,Thursday,false
20201113,2020-11-13,2020,4,11,November,46,13,6,Friday,false
20201114,2020-11-14,2020,4,11,November,46,14,7,Saturday,true
20201115,2020-11-15,2020,4,11,November,46,15,1,Sunday,true
20201116,2020-11-16,2020,4,11,November,47,16,2,Monday,false
20201117,2020-11-17,2020,4,11,November,47,17,3,Tuesday,false
20201118,2020-11-18,2020,4,11,November,47,18,4,Wednesday,false
20201119,2020-11-19,2020,4,11,November,47,19,5,Thursday,false
20201120,2020-11-20,2020,4,11,November,47,20,6,Friday,false
20201121,2020-11-21,2020,4,11,November,47,21,7,Saturday,true
20201122,2020-11-22,2020,4,11,November,47,22,1,Sunday,true
20201123,2020-11-23,2020,4,11,November,48,23,2,Monday,false
20201124,2020-11-24,2020,4,11,November,48,24,3,Tuesday,false
20201125,2020-11-25,2020,4,11,November,48,25,4,Wednesday,false
20201126,2020-11-26,2020,4,11,November,48,26,5,Thursday,false
20201127,2020-11-27,2020,4,11,November,48,27,6,Friday,false
20201128,2020-11-28,2020,4,11,November,48,28,7,Saturday,true
20201129,2020-11-29,2020,4,11,November,48,29,1,Sunday,true
20201130,2020-11-30,2020,4,11,November,49,30,2,Monday,false
20201201,2020-12-01,2020,4,12,December,49,1,3,Tuesday,false
20201202,2020-12-02,2020,4,12,December,49,2,4,Wednesday,false
20201203,2020-12-03,2020,4,12,December,49,3,5,Thursday,false
20201204,2020-12-04,2020,4,12,December,49,4,6,Friday,false
20201205,2020-12-05,2020,4,12,December,49,5,7,Saturday,true
20201206,2020-12-06,2020,4,12,December,49,6,1,Sunday,true
20201207,2020-12-07,2020,4,12,December,50,7,2,Monday,false
20201208,2020-12-08,2020,4,12,December,50,8,3,Tuesday,false
20201209,2020-12-09,2020,4,12,December,50,9,4,Wednesday,false
20201210,2020-12-10,2020,4,12,December,50,10,5,Thursday,false
20201211,2020-12-11,2020,4,12,December,50,11,6,Friday,false
20201212,2020-12-12,2020,4,12,December,50,12,7,Saturday,true
20201213,2020-12-13,2020,4,12,December,50,13,1,Sunday,true
20201214,2020-12-14,2020,4,12,December,51,14,2,Monday,false
20201215,2020-12-15,2020,4,12,December,51,15,3,Tuesday,false
20201216,2020-12-16,2020,4,12,December,51,16,4,Wednesday,false
20201217,2020-12-17,2020,4,12,December,51,17,5,Thursday,false
20201218,2020-12-18,2020,4,12,December,51,18,6,Friday,false
20201219,2020-12-19,2020,4,12,December,51,19,7,Saturday,true
20201220,2020-12-20,2020,4,12,December,51,20,1,Sunday,true
20201221,2020-12-21,2020,4,12,December,52,21,2,Monday,false
20201222,2020-12-22,2020,4,12,December,52,22,3,Tuesday,false
20201223,2020-12-23,2020,4,12,December,52,23,4,Wednesday,false
20201224,2020-12-24,2020,4,12,December,52,24,5,Thursday,false
20201225,2020-12-25,2020,4,12,December,52,25,6,Friday,false
20201226,2020-12-26,2020,4,12,December,52,26,7,Saturday,true
20201227,2020-12-27,2020,4,12,December,52,27,1,Sunday,true
20201228,2020-12-28,2020,4,12,December,53,28,2,Monday,false
20201229,2020-12-29,2020,4,12,December,53,29,3,Tuesday,false
20201230,2020-12-30,2020,4,12,December,53,30,4,Wednesday,false
20201231,2020-12-31,2020,4,12,December,53,31,5,Thursday,false
20210101,2021-01-01,2021,1,1,January,53,1,6,Friday,false
20210102,2021-01-02,2021,1,1,January,53,2,7,Saturday,true
20210103,2021-01-03,2021,1,1,January,53,3,1,Sunday,true
20210104,2021-01-04,2021,1,1,January,1,4,2,Monday,false
20210105,2021-01-05,2021,1,1,January,1,5,3,Tuesday,false
20210106,2021-01-06,2021,1,1,January,1,6,4,Wednesday,false
20210107,2021-01-07,2021,1,1,January,1,7,5,Thursday,false
20210108,2021-01-08,2021,1,1,January,1,8,6,Friday,false
20210109,2021-01-09,2021,1,1,January,1,9,7,Saturday,true
20210110,2021-01-10,2021,1,1,January,1,10,1,Sunday,true
20210111,2021-01-11,2021,1,1,January,2,11,2,Monday,false
20210112,2021-01-12,2021,1,1,January,2,12,3,Tuesday,false
20210113,2021-01-13,2021,1,1,January,2,13,4,Wednesday,false
20210114,2021-01-14,2021,1,1,January,2,14,5,Thursday,false
20210115,2021-01-15,2021,1,1,January,2,15,6,Friday,false
20210116,2021-01-16,2021,1,1,January,2,16,7,Saturday,true
20210117,2021-01-17,2021,1,1,January,2,17,1,Sunday,true
20210118,2021-01-18,2021,1,1,January,3,18,2,Monday,false
20210119,2021-01-19,2021,1,1,January,3,19,3,Tuesday,false
20210120,2021-01-20,2021,1,1,January,3,20,4,Wednesday,false
20210121,2021-01-21,2021,1,1,January,3,21,5,Thursday,false
20210122,2021-01-22,2021,1,1,January,3,22,6,Friday,false
20210123,2021-01-23,2021,1,1,January,3,23,7,Saturday,true
20210124,2021-01-24,2021,1,1,January,3,24,1,Sunday,true
20210125,2021-01-25,2021,1,1,January,4,25,2,Monday,false
20210126,2021-01-26,2021,1,1,January,4,26,3,Tuesday,false
20210127,2021-01-27,2021,1,1,January,4,27,4,Wednesday,false
20210128,2021-01-28,2021,1,1,January,4,28,5,Thursday,false
20210129,2021-01-29,2021,1,1,January,4,29,6,Friday,false
20210130,2021-01-30,2021,1,1,January,4,30,7,Saturday,true
20210131,2021-01-31,2021,1,1,January,4,31,1,Sunday,true
20210201,2021-02-01,2021,1,2,February,5,1,2,Monday,false
20210202,2021-02-02,2021,1,2,February,5,2,3,Tuesday,false
20210203,2021-02-03,2021,1,2,February,5,3,4,Wednesday,false
20210204,2021-02-04,2021,1,2,February,5,4,5,Thursday,false
20210205,2021-02-05,2021,1,2,February,5,5,6,Friday,false
20210206,2021-02-06,2021,1,2,February,5,6,7,Saturday,true
20210207,2021-02-07,2021,1,2,February,5,7,1,Sunday,true
20210208,2021-02-08,2021,1,2,February,6,8,2,Monday,false
20210209,2021-02-09,2021,1,2,February,6,9,3,Tuesday,false
20210210,2021-02-10,2021,1,2,February,6,10,4,Wednesday,false
20210211,2021-02-11,2021,1,2,February,6,11,5,Thursday,false
20210212,2021-02-12,2021,1,2,February,6,12,6,Friday,false
20210213,2021-02-13,2021,1,2,February,6,13,7,Saturday,true
20210214,2021-02-14,2021,1,2,February,6,14,1,Sunday,true
20210215,2021-02-15,2021,1,2,February,7,15,2,Monday,false
20210216,2021-02-16,2021,1,2,February,7,16,3,Tuesday,false
20210217,2021-02-17,2021,1,2,February,7,17,4,Wednesday,false
20210218,2021-02-18,2021,1,2,February,7,18,5,Thursday,false
20210219,2021-02-19,2021,1,2,February,7,19,6,Friday,false
20210220,2021-02-20,2021,1,2,February,7,20,7,Saturday,true
20210221,2021-02-21,2021,1,2,February,7,21,1,Sunday,true
20210222,2021-02-22,2021,1,2,February,8,22,2,Monday,false
20210223,2021-02-23,2021,1,2,February,8,23,3,Tuesday,false
20210224,2021-02-24,2021,1,2,February,8,24,4,Wednesday,false
20210225,2021-02-25,2021,1,2,February,8,25,5,Thursday,false
20210226,2021-02-26,2021,1,2,February,8,26,6,Friday,false
20210227,2021-02-27,2021,1,2,February,8,27,7,Saturday,true
20210228,2021-02-28,2021,1,2,February,8,28,1,Sunday,true
20210301,2021-03-01,2021,1,3,March,9,1,2,Monday,false
20210302,2021-03-02,2021,1,3,March,9,2,3,Tuesday,false
20210303,2021-03-03,2021,1,3,March,9,3,4,Wednesday,false
20210304,2021-03-04,2021,1,3,March,9,4,5,Thursday,false
20210305,2021-03-05,2021,1,3,March,9,5,6,Friday,false
20210306,2021-03-06,2021,1,3,March,9,6,7,Saturday,true
20210307,2021-03-07,2021,1,3,March,9,7,1,Sunday,true
20210308,2021-03-08,2021,1,3,March,10,8,2,Monday,false
20210309,2021-03-09,2021,1,3,March,10,9,3,Tuesday,false
20210310,2021-03-10,2021,1,3,March,10,10,4,Wednesday,false
20210311,2021-03-11,2021,1,3,March,10,11,5,Thursday,false
20210312,2021-03-12,2021,1,3,March,10,12,6,Friday,false
20210313,2021-03-13,2021,1,3,March,10,13,7,Saturday,true
20210314,2021-03-14,2021,1,3,March,10,14,1,Sunday,true
20210315,2021-03-15,2021,1,3,March,11,15,2,Monday,false
20210316,2021-03-16,2021,1,3,March,11,16,3,Tuesday,false
20210317,2021-03-17,2021,1,3,March,11,17,4,Wednesday,false
20210318,2021-03-18,2021,1,3,March,11,18,5,Thursday,false
20210319,2021-03-19,2021,1,3,March,11,19,6,Friday,false
20210320,2021-03-20,2021,1,3,March,11,20,7,Saturday,true
20210321,2021-03-21,2021,1,3,March,11,21,1,Sunday,true
20210322,2021-03-22,2021,1,3,March,12,22,2,Monday,false
20210323,2021-03-23,2021,1,3,March,12,23,3,Tuesday,false
20210324,2021-03-24,2021,1,3,March,12,24,4,Wednesday,false
20210325,2021-03-25,2021,1,3,March,12,25,5,Thursday,false
20210326,2021-03-26,2021,1,3,March,12,26,6,Friday,false
20210327,2021-03-27,2021,1,3,March,12,27,7,Saturday,true
20210328,2021-03-28,2021,1,3,March,12,28,1,Sunday,true
20210329,2021-03-29,2021,1,3,March,13,29,2,Monday,false
20210330,2021-03-30,2021,1,3,March,13,30,3,Tuesday,false
20210331,2021-03-31,2021,1,3,March,13,31,4,Wednesday,false
20210401,2021-04-01,2021,2,4,April,13,1,5,Thursday,false
20210402,2021-04-02,2021,2,4,April,13,2,6,Friday,false
20210403,2021-04-03,2021,2,4,April,13,3,7,Saturday,true
20210404,2021-04-04,2021,2,4,April,13,4,1,Sunday,true
20210405,2021-04-05,2021,2,4,April,14,5,2,Monday,false
20210406,2021-04-06,2021,2,4,April,14,6,3,Tuesday,false
20210407,2021-04-07,2021,2,4,April,14,7,4,Wednesday,false
20210408,2021-04-08,2021,2,4,April,14,8,5,Thursday,false
20210409,2021-04-09,2021,2,4,April,14,9,6,Friday,false
20210410,2021-04-10,2021,2,4,April,14,10,7,Saturday,true
20210411,2021-04-11,2021,2,4,April,14,11,1,Sunday,true
20210412,2021-04-12,2021,2,4,April,15,12,2,Monday,false
20210413,2021-04-13,2021,2,4,April,15,13,3,Tuesday,false
20210414,2021-04-14,2021,2,4,April,15,14,4,Wednesday,false
20210415,2021-04-15,2021,2,4,April,15,15,5,Thursday,false
20210416,2021-04-16,2021,2,4,April,15,16,6,Friday,false
20210417,2021-04-17,2021,2,4,April,15,17,7,Saturday,true
20210418,2021-04-18,2021,2,4,April,15,18,1,Sunday,true
20210419,2021-04-19,2021,2,4,April,16,19,2,Monday,false
20210420,2021-04-20,2021,2,4,April,16,20,3,Tuesday,false
20210421,2021-04-21,2021,2,4,April,16,21,4,Wednesday,false
20210422,2021-04-22,2021,2,4,April,16,22,5,Thursday,false
20210423,2021-04-23,2021,2,4,April,16,23,6,Friday,false
20210424,2021-04-24,2021,2,4,April,16,24,7,Saturday,true
20210425,2021-04-25,2021,2,4,April,16,25,1,Sunday,true
20210426,2021-04-26,2021,2,4,April,17,26,2,Monday,false
20210427,2021-04-27,2021,2,4,April,17,27,3,Tuesday,false
20210428,2021-04-28,2021,2,4,April,17,28,4,Wednesday,false
20210429,2021-04-29,2021,2,4,April,17,29,5,Thursday,false
20210430,2021-04-30,2021,2,4,April,17,30,6,Friday,false
20210501,2021-05-01,2021,2,5,May,17,1,7,Saturday,true
20210502,2021-05-02,2021,2,5,May,17,2,1,Sunday,true
20210503,2021-05-03,2021,2,5,May,18,3,2,Monday,false
20210504,2021-05-04,2021,2,5,May,18,4,3,Tuesday,false
20210505,2021-05-05,2021,2,5,May,18,5,4,Wednesday,false
20210506,2021-05-06,2021,2,5,May,18,6,5,Thursday,false
20210507,2021-05-07,2021,2,5,May,18,7,6,Friday,false
20210508,2021-05-08,2021,2,5,May,18,8,7,Saturday,true
20210509,2021-05-09,2021,2,5,May,18,9,1,Sunday,true
20210510,2021-05-10,2021,2,5,May,19,10,2,Monday,false
20210511,2021-05-11,2021,2,5,May,19,11,3,Tuesday,false
20210512,2021-05-12,2021,2,5,May,19,12,4,Wednesday,false
20210513,2021-05-13,2021,2,5,May,19,13,5,Thursday,false
20210514,2021-05-14,2021,2,5,May,19,14,6,Friday,false
20210515,2021-05-15,2021,2,5,May,19,15,7,Saturday,true
20210516,2021-05-16,2021,2,5,May,19,16,1,Sunday,true
20210517,2021-05-17,2021,2,5,May,20,17,2,Monday,false
20210518,2021-05-18,2021,2,5,May,20,18,3,Tuesday,false
20210519,2021-05-19,2021,2,5,May,20,19,4,Wednesday,false
20210520,2021-05-20,2021,2,5,May,20,20,5,Thursday,false
20210521,2021-05-21,2021,2,5,May,20,21,6,Friday,false
20210522,2021-05-22,2021,2,5,May,20,22,7,Saturday,true
20210523,2021-05-23,2021,2,5,May,20,23,1,Sunday,true
20210524,2021-05-24,2021,2,5,May,21,24,2,Monday,false
20210525,2021-05-25,2021,2,5,May,21,25,3,Tuesday,false
20210526,2021-05-26,2021,2,5,May,21,26,4,Wednesday,false
20210527,2021-05-27,2021,2,5,May,21,27,5,Thursday,false
20210528,2021-05-28,2021,2,5,May,21,28,6,Friday,false
20210529,2021-05-29,2021,2,5,May,21,29,7,Saturday,true
20210530,2021-05-30,2021,2,5,May,21,30,1,Sunday,true
20210531,2021-05-31,2021,2,5,May,22,31,2,Monday,false
20210601,2021-06-01,2021,2,6,June,22,1,3,Tuesday,false
20210602,2021-06-02,2021,2,6,June,22,2,4,Wednesday,false
20210603,2021-06-03,2021,2,6,June,22,3,5,Thursday,false
20210604,2021-06-04,2021,2,6,June,22,4,6,Friday,false
20210605,2021-06-05,2021,2,6,June,22,5,7,Saturday,true
20210606,2021-06-06,2021,2,6,June,22,6,1,Sunday,true
20210607,2021-06-07,2021,2,6,June,23,7,2,Monday,false
20210608,2021-06-08,2021,2,6,June,23,8,3,Tuesday,false
20210609,2021-06-09,2021,2,6,June,23,9,4,Wednesday,false
20210610,2021-06-10,2021,2,6,June,23,10,5,Thursday,false
20210611,2021-06-11,2021,2,6,June,23,11,6,Friday,false
20210612,2021-06-12,2021,2,6,June,23,12,7,Saturday,true
20210613,2021-06-13,2021,2,6,June,23,13,1,Sunday,true
20210614,2021-06-14,2021,2,6,June,24,14,2,Monday,false
20210615,2021-06-15,2021,2,6,June,24,15,3,Tuesday,false
20210616,2021-06-16,2021,2,6,June,24,16,4,Wednesday,false
20210617,2021-06-17,2021,2,6,June,24,17,5,Thursday,false
20210618,2021-06-18,2021,2,6,June,24,18,6,Friday,false
20210619,2021-06-19,2021,2,6,June,24,19,7,Saturday,true
20210620,2021-06-20,2021,2,6,June,24,20,1,Sunday,true
20210621,2021-06-21,2021,2,6,June,25,21,2,Monday,false
20210622,2021-06-22,2021,2,6,June,25,22,3,Tuesday,false
20210623,2021-06-23,2021,2,6,June,25,23,4,Wednesday,false
20210624,2021-06-24,2021,2,6,June,25,24,5,Thursday,false
20210625,2021-06-25,2021,2,6,June,25,25,6,Friday,false
20210626,2021-06-26,2021,2,6,June,25,26,7,Saturday,true
20210627,2021-06-27,2021,2,6,June,25,27,1,Sunday,true
20210628,2021-06-28,2021,2,6,June,26,28,2,Monday,false
20210629,2021-06-29,2021,2,6,June,26,29,3,Tuesday,false
20210630,2021-06-30,2021,2,6,June,26,30,4,Wednesday,false
20210701,2021-07-01,2021,3,7,July,26,1,5,Thursday,false
20210702,2021-07-02,2021,3,7,July,26,2,6,Friday,false
20210703,2021-07-03,2021,3,7,July,26,3,7,Saturday,true
20210704,2021-07-04,2021,3,7,July,26,4,1,Sunday,true
20210705,2021-07-05,2021,3,7,July,27,5,2,Monday,false
20210706,2021-07-06,2021,3,7,July,27,6,3,Tuesday,false
20210707,2021-07-07,2021,3,7,July,27,7,4,Wednesday,false
20210708,2021-07-08,2021,3,7,July,27,8,5,Thursday,false
20210709,2021-07-09,2021,3,7,July,27,9,6,Friday,false
20210710,2021-07-10,2021,3,7,July,27,10,7,Saturday,true
20210711,2021-07-11,2021,3,7,July,27,11,1,Sunday,true
20210712,2021-07-12,2021,3,7,July,28,12,2,Monday,false
20210713,2021-07-13,2021,3,7,July,28,13,3,Tuesday,false
20210714,2021-07-14,2021,3,7,July,28,14,4,Wednesday,false
20210715,2021-07-15,2021,3,7,July,28,15,5,Thursday,false
20210716,2021-07-16,2021,3,7,July,28,16,6,Friday,false
20210717,2021-07-17,2021,3,7,July,28,17,7,Saturday,true
20210718,2021-07-18,2021,3,7,July,28,18,1,Sunday,true
20210719,2021-07-19,2021,3,7,July,29,19,2,Monday,false
20210720,2021-07-20,2021,3,7,July,29,20,3,Tuesday,false
20210721,2021-07-21,2021,3,7,July,29,21,4,Wednesday,false
20210722,2021-07-22,2021,3,7,July,29,22,5,Thursday,false
20210723,2021-07-23,2021,3,7,July,29,23,6,Friday,false
20210724,2021-07-24,2021,3,7,July,29,24,7,Saturday,true
20210725,2021-07-25,2021,3,7,July,29,25,1,Sunday,true
20210726,2021-07-26,2021,3,7,July,30,26,2,Monday,false
20210727,2021-07-27,2021,3,7,July,30,27,3,Tuesday,false
20210728,2021-07-28,2021,3,7,July,30,28,4,Wednesday,false
20210729,2021-07-29,2021,3,7,July,30,29,5,Thursday,false
20210730,2021-07-30,2021,3,7,July,30,30,6,Friday,false
20210731,2021-07-31,2021,3,7,July,30,31,7,Saturday,true
20210801,2021-08-01,2021,3,8,August,30,1,1,Sunday,true
20210802,2021-08-02,2021,3,8,August,31,2,2,Monday,false
20210803,2021-08-03,2021,3,8,August,31,3,3,Tuesday,false
20210804,2021-08-04,2021,3,8,August,31,4,4,Wednesday,false
20210805,2021-08-05,2021,3,8,August,31,5,5,Thursday,false
20210806,2021-08-06,2021,3,8,August,31,6,6,Friday,false
20210807,2021-08-07,2021,3,8,August,31,7,7,Saturday,true
20210808,2021-08-08,2021,3,8,August,31,8,1,Sunday,true
20210809,2021-08-09,2021,3,8,August,32,9,2,Monday,false
20210810,2021-08-10,2021,3,8,August,32,10,3,Tuesday,false
20210811,2021-08-11,2021,3,8,August,32,11,4,Wednesday,false
20210812,2021-08-12,2021,3,8,August,32,12,5,Thursday,false
20210813,2021-08-13,2021,3,8,August,32,13,6,Friday,false
20210814,2021-08-14,2021,3,8,August,32,14,7,Saturday,true
20210815,2021-08-15,2021,3,8,August,32,15,1,Sunday,true
20210816,2021-08-16,2021,3,8,August,33,16,2,Monday,false
20210817,2021-08-17,2021,3,8,August,33,17,3,Tuesday,false
20210818,2021-08-18,2021,3,8,August,33,18,4,Wednesday,false
20210819,2021-08-19,2021,3,8,August,33,19,5,Thursday,false
20210820,2021-08-20,2021,3,8,August,33,20,6,Friday,false
20210821,2021-08-21,2021,3,8,August,33,21,7,Saturday,true
20210822,2021-08-22,2021,3,8,August,33,22,1,Sunday,true
20210823,2021-08-23,2021,3,8,August,34,23,2,Monday,false
20210824,2021-08-24,2021,3,8,August,34,24,3,Tuesday,false
20210825,2021-08-25,2021,3,8,August,34,25,4,Wednesday,false
20210826,2021-08-26,2021,3,8,August,34,26,5,Thursday,false
20210827,2021-08-27,2021,3,8,August,34,27,6,Friday,false
20210828,2021-08-28,2021,3,8,August,34,28,7,Saturday,true
20210829,2021-08-29,2021,3,8,August,34,29,1,Sunday,true
20210830,2021-08-30,2021,3,8,August,35,30,2,Monday,false
20210831,2021-08-31,2021,3,8,August,35,31,3,Tuesday,false
20210901,2021-09-01,2021,3,9,September,35,1,4,Wednesday,false
20210902,2021-09-02,2021,3,9,September,35,2,5,Thursday,false
20210903,2021-09-03,2021,3,9,September,35,3,6,Friday,false
20210904,2021-09-04,2021,3,9,September,35,4,7,Saturday,true
20210905,2021-09-05,2021,3,9,September,35,5,1,Sunday,true
20210906,2021-09-06,2021,3,9,September,36,6,2,Monday,false
20210907,2021-09-07,2021,3,9,September,36,7,3,Tuesday,false
20210908,2021-09-08,2021,3,9,September,36,8,4,Wednesday,false
20210909,2021-09-09,2021,3,9,September,36,9,5,Thursday,false
20210910,2021-09-10,2021,3,9,September,36,10,6,Friday,false
20210911,2021-09-11,2021,3,9,September,36,11,7,Saturday,true
20210912,2021-09-12,2021,3,9,September,36,12,1,Sunday,true
20210913,2021-09-13,2021,3,9,September,37,13,2,Monday,false
20210914,2021-09-14,2021,3,9,September,37,14,3,Tuesday,false
20210915,2021-09-15,2021,3,9,September,37,15,4,Wednesday,false
20210916,2021-09-16,2021,3,9,September,37,16,5,Thursday,false
20210917,2021-09-17,2021,3,9,September,37,17,6,Friday,false
20210918,2021-09-18,2021,3,9,September,37,18,7,Saturday,true
20210919,2021-09-19,2021,3,9,September,37,19,1,Sunday,true
20210920,2021-09-20,2021,3,9,September,38,20,2,Monday,false
20210921,2021-09-21,2021,3,9,September,38,21,3,Tuesday,false
20210922,2021-09-22,2021,3,9,September,38,22,4,Wednesday,false
20210923,2021-09-23,2021,3,9,September,38,23,5,Thursday,false
20210924,2021-09-24,2021,3,9,September,38,24,6,Friday,false
20210925,2021-09-25,2021,3,9,September,38,25,7,Saturday,true
20210926,2021-09-26,2021,3,9,September,38,26,1,Sunday,true
20210927,2021-09-27,2021,3,9,September,39,27,2,Monday,false
20210928,2021-09-28,2021,3,9,September,39,28,3,Tuesday,false
20210929,2021-09-29,2021,3,9,September,39,29,4,Wednesday,false
20210930,2021-09-30,2021,3,9,September,39,30,5,Thursday,false
20211001,2021-10-01,2021,4,10,October,39,1,6,Friday,false
20211002,2021-10-02,2021,4,10,October,39,2,7,Saturday,true
20211003,2021-10-03,2021,4,10,October,39,3,1,Sunday,true
20211004,2021-10-04,2021,4,10,October,40,4,2,Monday,false
20211005,2021-10-05,2021,4,10,October,40,5,3,Tuesday,false
20211006,2021-10-06,2021,4,10,October,40,6,4,Wednesday,false
20211007,2021-10-07,2021,4,10,October,40,7,5,Thursday,false
20211008,2021-10-08,2021,4,10,October,40,8,6,Friday,false
20211009,2021-10-09,2021,4,10,October,40,9,7,Saturday,true
20211010,2021-10-10,2021,4,10,October,40,10,1,Sunday,true
20211011,2021-10-11,2021,4,10,October,41,11,2,Monday,false
20211012,2021-10-12,2021,4,10,October,41,12,3,Tuesday,false
20211013,2021-10-13,2021,4,10,October,41,13,4,Wednesday,false
20211014,2021-10-14,2021,4,10,October,41,14,5,Thursday,false
20211015,2021-10-15,2021,4,10,October,41,15,6,Friday,false
20211016,2021-10-16,2021,4,10,October,41,16,7,Saturday,true
20211017,2021-10-17,2021,4,10,October,41,17,1,Sunday,true
20211018,2021-10-18,2021,4,10,October,42,18,2,Monday,false
20211019,2021-10-19,2021,4,10,October,42,19,3,Tuesday,false
20211020,2021-10-20,2021,4,10,October,42,20,4,Wednesday,false
20211021,2021-10-21,2021,4,10,October,42,21,5,Thursday,false
20211022,2021-10-22,2021,4,10,October,42,22,6,Friday,false
20211023,2021-10-23,2021,4,10,October,42,23,7,Saturday,true
20211024,2021-10-24,2021,4,10,October,42,24,1,Sunday,true
20211025,2021-10-25,2021,4,10,October,43,25,2,Monday,false
20211026,2021-10-26,2021,4,10,October,43,26,3,Tuesday,false
20211027,2021-10-27,2021,4,10,October,43,27,4,Wednesday,false
20211028,2021-10-28,2021,4,10,October,43,28,5,Thursday,false
20211029,2021-10-29,2021,4,10,October,43,29,6,Friday,false
20211030,2021-10-30,2021,4,10,October,43,30,7,Saturday,true
20211031,2021-10-31,2021,4,10,October,43,31,1,Sunday,true
20211101,2021-11-01,2021,4,11,November,44,1,2,Monday,false
20211102,2021-11-02,2021,4,11,November,44,2,3,Tuesday,false
20211103,2021-11-03,2021,4,11,November,44,3,4,Wednesday,false
20211104,2021-11-04,2021,4,11,November,44,4,5,Thursday,false
20211105,2021-11-05,2021,4,11,November,44,5,6,Friday,false
20211106,2021-11-06,2021,4,11,November,44,6,7,Saturday,true
20211107,2021-11-07,2021,4,11,November,44,7,1,Sunday,true
20211108,2021-11-08,2021,4,11,November,45,8,2,Monday,false
20211109,2021-11-09,2021,4,11,November,45,9,3,Tuesday,false
20211110,2021-11-10,2021,4,11,November,45,10,4,Wednesday,false
20211111,2021-11-11,2021,4,11,November,45,11,5,Thursday,false
20211112,2021-11-12,2021,4,11,November,45,12,6,Friday,false
20211113,2021-11-13,2021,4,11,November,45,13,7,Saturday,true
20211114,2021-11-14,2021,4,11,November,45,14,1,Sunday,true
20211115,2021-11-15,2021,4,11,November,46,15,2,Monday,false
20211116,2021-11-16,2021,4,11,November,46,16,3,Tuesday,false
20211117,2021-11-17,2021,4,11,November,46,17,4,Wednesday,false
20211118,2021-11-18,2021,4,11,November,46,18,5,Thursday,false
20211119,2021-11-19,2021,4,11,November,46,19,6,Friday,false
20211120,2021-11-20,2021,4,11,November,46,20,7,Saturday,true
20211121,2021-11-21,2021,4,11,November,46,21,1,Sunday,true
20211122,2021-11-22,2021,4,11,November,47,22,2,Monday,false
20211123,2021-11-23,2021,4,11,November,47,23,3,Tuesday,false
20211124,2021-11-24,2021,4,11,November,47,24,4,Wednesday,false
20211125,2021-11-25,2021,4,11,November,47,25,5,Thursday,false
20211126,2021-11-26,2021,4,11,November,47,26,6,Friday,false
20211127,2021-11-27,2021,4,11,November,47,27,7,Saturday,true
20211128,2021-11-28,2021,4,11,November,47,28,1,Sunday,true
20211129,2021-11-29,2021,4,11,November,48,29,2,Monday,false
20211130,2021-11-30,2021,4,11,November,48,30,3,Tuesday,false
20211201,2021-12-01,2021,4,12,December,48,1,4,Wednesday,false
20211202,2021-12-02,2021,4,12,December,48,2,5,Thursday,false
20211203,2021-12-03,2021,4,12,December,48,3,6,Friday,false
20211204,2021-12-04,2021,4,12,December,48,4,7,Saturday,true
20211205,2021-12-05,2021,4,12,December,48,5,1,Sunday,true
20211206,2021-12-06,2021,4,12,December,49,6,2,Monday,false
20211207,2021-12-07,2021,4,12,December,49,7,3,Tuesday,false
20211208,2021-12-08,2021,4,12,December,49,8,4,Wednesday,false
20211209,2021-12-09,2021,4,12,December,49,9,5,Thursday,false
20211210,2021-12-10,2021,4,12,December,49,10,6,Friday,false
20211211,2021-12-11,2021,4,12,December,49,11,7,Saturday,true
20211212,2021-12-12,2021,4,12,December,49,12,1,Sunday,true
20211213,2021-12-13,2021,4,12,December,50,13,2,Monday,false
20211214,2021-12-14,2021,4,12,December,50,14,3,Tuesday,false
20211215,2021-12-15,2021,4,12,December,50,15,4,Wednesday,false
20211216,2021-12-16,2021,4,12,December,50,16,5,Thursday,false
20211217,2021-12-17,2021,4,12,December,50,17,6,Friday,false
20211218,2021-12-18,2021,4,12,December,50,18,7,Saturday,true
20211219,2021-12-19,2021,4,12,December,50,19,1,Sunday,true
20211220,2021-12-20,2021,4,12,December,51,20,2,Monday,false
20211221,2021-12-21,2021,4,12,December,51,21,3,Tuesday,false
20211222,2021-12-22,2021,4,12,December,51,22,4,Wednesday,false
20211223,2021-12-23,2021,4,12,December,51,23,5,Thursday,false
20211224,2021-12-24,2021,4,12,December,51,24,6,Friday,false
20211225,2021-12-25,2021,4,12,December,51,25,7,Saturday,true
20211226,2021-12-26,2021,4,12,December,51,26,1,Sunday,true
20211227,2021-12-27,2021,4,12,December,52,27,2,Monday,false
20211228,2021-12-28,2021,4,12,December,52,28,3,Tuesday,false
20211229,2021-12-29,2021,4,12,December,52,29,4,Wednesday,false
20211230,2021-12-30,2021,4,12,December,52,30,5,Thursday,false
20211231,2021-12-31,2021,4,12,December,52,31,6,Friday,false
20220101,2022-01-01,2022,1,1,January,52,1,7,Saturday,true
20220102,2022-01-02,2022,1,1,January,52,2,1,Sunday,true
20220103,2022-01-03,2022,1,1,January,1,3,2,Monday,false
20220104,2022-01-04,2022,1,1,January,1,4,3,Tuesday,false
20220105,2022-01-05,2022,1,1,January,1,5,4,Wednesday,false
20220106,2022-01-06,2022,1,1,January,1,6,5,Thursday,false
20220107,2022-01-07,2022,1,1,January,1,7,6,Friday,false
20220108,2022-01-08,2022,1,1,January,1,8,7,Saturday,true
20220109,2022-01-09,2022,1,1,January,1,9,1,Sunday,true
20220110,2022-01-10,2022,1,1,January,2,10,2,Monday,false
20220111,2022-01-11,2022,1,1,January,2,11,3,Tuesday,false
20220112,2022-01-12,2022,1,1,January,2,12,4,Wednesday,false
20220113,2022-01-13,2022,1,1,January,2,13,5,Thursday,false
20220114,2022-01-14,2022,1,1,January,2,14,6,Friday,false
20220115,2022-01-15,2022,1,1,January,2,15,7,Saturday,true
20220116,2022-01-16,2022,1,1,January,2,16,1,Sunday,true
20220117,2022-01-17,2022,1,1,January,3,17,2,Monday,false
20220118,2022-01-18,2022,1,1,January,3,18,3,Tuesday,false
20220119,2022-01-19,2022,1,1,January,3,19,4,Wednesday,false
20220120,2022-01-20,2022,1,1,January,3,20,5,Thursday,false
20220121,2022-01-21,2022,1,1,January,3,21,6,Friday,false
20220122,2022-01-22,2022,1,1,January,3,22,7,Saturday,true
20220123,2022-01-23,2022,1,1,January,3,23,1,Sunday,true
20220124,2022-01-24,2022,1,1,January,4,24,2,Monday,false
20220125,2022-01-25,2022,1,1,January,4,25,3,Tuesday,false
20220126,2022-01-26,2022,1,1,January,4,26,4,Wednesday,false
20220127,2022-01-27,2022,1,1,January,4,27,5,Thursday,false
20220128,2022-01-28,2022,1,1,January,4,28,6,Friday,false
20220129,2022-01-29,2022,1,1,January,4,29,7,Saturday,true
20220130,2022-01-30,2022,1,1,January,4,30,1,Sunday,true
20220131,2022-01-31,2022,1,1,January,5,31,2,Monday,false
20220201,2022-02-01,2022,1,2,February,5,1,3,Tuesday,false
20220202,2022-02-02,2022,1,2,February,5,2,4,Wednesday,false
20220203,2022-02-03,2022,1,2,February,5,3,5,Thursday,false
20220204,2022-02-04,2022,1,2,February,5,4,6,Friday,false
20220205,2022-02-05,2022,1,2,February,5,5,7,Saturday,true
20220206,2022-02-06,2022,1,2,February,5,6,1,Sunday,true
20220207,2022-02-07,2022,1,2,February,6,7,2,Monday,false
20220208,2022-02-08,2022,1,2,February,6,8,3,Tuesday,false
20220209,2022-02-09,2022,1,2,February,6,9,4,Wednesday,false
20220210,2022-02-10,2022,1,2,February,6,10,5,Thursday,false
20220211,2022-02-11,2022,1,2,February,6,11,6,Friday,false
20220212,2022-02-12,2022,1,2,February,6,12,7,Saturday,true
20220213,2022-02-13,2022,1,2,February,6,13,1,Sunday,true
20220214,2022-02-14,2022,1,2,February,7,14,2,Monday,false
20220215,2022-02-15,2022,1,2,February,7,15,3,Tuesday,false
20220216,2022-02-16,2022,1,2,February,7,16,4,Wednesday,false
20220217,2022-02-17,2022,1,2,February,7,17,5,Thursday,false
20220218,2022-02-18,2022,1,2,February,7,18,6,Friday,false
20220219,2022-02-19,2022,1,2,February,7,19,7,Saturday,true
20220220,2022-02-20,2022,1,2,February,7,20,1,Sunday,true
20220221,2022-02-21,2022,1,2,February,8,21,2,Monday,false
20220222,2022-02-22,2022,1,2,February,8,22,3,Tuesday,false
20220223,2022-02-23,2022,1,2,February,8,23,4,Wednesday,false
20220224,2022-02-24,2022,1,2,February,8,24,5,Thursday,false
20220225,2022-02-25,2022,1,2,February,8,25,6,Friday,false
20220226,2022-02-26,2022,1,2,February,8,26,7,Saturday,true
20220227,2022-02-27,2022,1,2,February,8,27,1,Sunday,true
20220228,2022-02-28,2022,1,2,February,9,28,2,Monday,false
20220301,2022-03-01,2022,1,3,March,9,1,3,Tuesday,false
20220302,2022-03-02,2022,1,3,March,9,2,4,Wednesday,false
20220303,2022-03-03,2022,1,3,March,9,3,5,Thursday,false
20220304,2022-03-04,2022,1,3,March,9,4,6,Friday,false
20220305,2022-03-05,2022,1,3,March,9,5,7,Saturday,true
20220306,2022-03-06,2022,1,3,March,9,6,1,Sunday,true
20220307,2022-03-07,2022,1,3,March,10,7,2,Monday,false
20220308,2022-03-08,2022,1,3,March,10,8,3,Tuesday,false
20220309,2022-03-09,2022,1,3,March,10,9,4,Wednesday,false
20220310,2022-03-10,2022,1,3,March,10,10,5,Thursday,false
20220311,2022-03-11,2022,1,3,March,10,11,6,Friday,false
20220312,2022-03-12,2022,1,3,March,10,12,7,Saturday,true
20220313,2022-03-13,2022,1,3,March,10,13,1,Sunday,true
20220314,2022-03-14,2022,1,3,March,11,14,2,Monday,false
20220315,2022-03-15,2022,1,3,March,11,15,3,Tuesday,false
20220316,2022-03-16,2022,1,3,March,11,16,4,Wednesday,false
20220317,2022-03-17,2022,1,3,March,11,17,5,Thursday,false
20220318,2022-03-18,2022,1,3,March,11,18,6,Friday,false
20220319,2022-03-19,2022,1,3,March,11,19,7,Saturday,true
20220320,2022-03-20,2022,1,3,March,11,20,1,Sunday,true
20220321,2022-03-21,2022,1,3,March,12,21,2,Monday,false
20220322,2022-03-22,2022,1,3,March,12,22,3,Tuesday,false
20220323,2022-03-23,2022,1,3,March,12,23,4,Wednesday,false
20220324,2022-03-24,2022,1,3,March,12,24,5,Thursday,false
20220325,2022-03-25,2022,1,3,March,12,25,6,Friday,false
20220326,2022-03-26,2022,1,3,March,12,26,7,Saturday,true
20220327,2022-03-27,2022,1,3,March,12,27,1,Sunday,true
20220328,2022-03-28,2022,1,3,March,13,28,2,Monday,false
20220329,2022-03-29,2022,1,3,March,13,29,3,Tuesday,false
20220330,2022-03-30,2022,1,3,March,13,30,4,Wednesday,false
20220331,2022-03-31,2022,1,3,March,13,31,5,Thursday,false
20220401,2022-04-01,2022,2,4,April,13,1,6,Friday,false
20220402,2022-04-02,2022,2,4,April,13,2,7,Saturday,true
20220403,2022-04-03,2022,2,4,April,13,3,1,Sunday,true
20220404,2022-04-04,2022,2,4,April,14,4,2,Monday,false
20220405,2022-04-05,2022,2,4,April,14,5,3,Tuesday,false
20220406,2022-04-06,2022,2,4,April,14,6,4,Wednesday,false
20220407,2022-04-07,2022,2,4,April,14,7,5,Thursday,false
20220408,2022-04-08,2022,2,4,April,14,8,6,Friday,false
20220409,2022-04-09,2022,2,4,April,14,9,7,Saturday,true
20220410,2022-04-10,2022,2,4,April,14,10,1,Sunday,true
20220411,2022-04-11,2022,2,4,April,15,11,2,Monday,false
20220412,2022-04-12,2022,2,4,April,15,12,3,Tuesday,false
20220413,2022-04-13,2022,2,4,April,15,13,4,Wednesday,false
20220414,2022-04-14,2022,2,4,April,15,14,5,Thursday,false
20220415,2022-04-15,2022,2,4,April,15,15,6,Friday,false
20220416,2022-04-16,2022,2,4,April,15,16,7,Saturday,true
20220417,2022-04-17,2022,2,4,April,15,17,1,Sunday,true
20220418,2022-04-18,2022,2,4,April,16,18,2,Monday,false
20220419,2022-04-19,2022,2,4,April,16,19,3,Tuesday,false
20220420,2022-04-20,2022,2,4,April,16,20,4,Wednesday,false
20220421,2022-04-21,2022,2,4,April,16,21,5,Thursday,false
20220422,2022-04-22,2022,2,4,April,16,22,6,Friday,false
20220423,2022-04-23,2022,2,4,April,16,23,7,Saturday,true
20220424,2022-04-24,2022,2,4,April,16,24,1,Sunday,true
20220425,2022-04-25,2022,2,4,April,17,25,2,Monday,false
20220426,2022-04-26,2022,2,4,April,17,26,3,Tuesday,false
20220427,2022-04-27,2022,2,4,April,17,27,4,Wednesday,false
20220428,2022-04-28,2022,2,4,April,17,28,5,Thursday,false
20220429,2022-04-29,2022,2,4,April,17,29,6,Friday,false
20220430,2022-04-30,2022,2,4,April,17,30,7,Saturday,true
20220501,2022-05-01,2022,2,5,May,17,1,1,Sunday,true
20220502,2022-05-02,2022,2,5,May,18,2,2,Monday,false
20220503,2022-05-03,2022,2,5,May,18,3,3,Tuesday,false
20220504,2022-05-04,2022,2,5,May,18,4,4,Wednesday,false
20220505,2022-05-05,2022,2,5,May,18,5,5,Thursday,false
20220506,2022-05-06,2022,2,5,May,18,6,6,Friday,false
20220507,2022-05-07,2022,2,5,May,18,7,7,Saturday,true
20220508,2022-05-08,2022,2,5,May,18,8,1,Sunday,true
20220509,2022-05-09,2022,2,5,May,19,9,2,Monday,false
20220510,2022-05-10,2022,2,5,May,19,10,3,Tuesday,false
20220511,2022-05-11,2022,2,5,May,19,11,4,Wednesday,false
20220512,2022-05-12,2022,2,5,May,19,12,5,Thursday,false
20220513,2022-05-13,2022,2,5,May,19,13,6,Friday,false
20220514,2022-05-14,2022,2,5,May,19,14,7,Saturday,true
20220515,2022-05-15,2022,2,5,May,19,15,1,Sunday,true
20220516,2022-05-16,2022,2,5,May,20,16,2,Monday,false
20220517,2022-05-17,2022,2,5,May,20,17,3,Tuesday,false
20220518,2022-05-18,2022,2,5,May,20,18,4,Wednesday,false
20220519,2022-05-19,2022,2,5,May,20,19,5,Thursday,false
20220520,2022-05-20,2022,2,5,May,20,20,6,Friday,false
20220521,2022-05-21,2022,2,5,May,20,21,7,Saturday,true
20220522,2022-05-22,2022,2,5,May,20,22,1,Sunday,true
20220523,2022-05-23,2022,2,5,May,21,23,2,Monday,false
20220524,2022-05-24,2022,2,5,May,21,24,3,Tuesday,false
20220525,2022-05-25,2022,2,5,May,21,25,4,Wednesday,false
20220526,2022-05-26,2022,2,5,May,21,26,5,Thursday,false
20220527,2022-05-27,2022,2,5,May,21,27,6,Friday,false
20220528,2022-05-28,2022,2,5,May,21,28,7,Saturday,true
20220529,2022-05-29,2022,2,5,May,21,29,1,Sunday,true
20220530,2022-05-30,2022,2,5,May,22,30,2,Monday,false
20220531,2022-05-31,2022,2,5,May,22,31,3,Tuesday,false
20220601,2022-06-01,2022,2,6,June,22,1,4,Wednesday,false
20220602,2022-06-02,2022,2,6,June,22,2,5,Thursday,false
20220603,2022-06-03,2022,2,6,June,22,3,6,Friday,false
20220604,2022-06-04,2022,2,6,June,22,4,7,Saturday,true
20220605,2022-06-05,2022,2,6,June,22,5,1,Sunday,true
20220606,2022-06-06,2022,2,6,June,23,6,2,Monday,false
20220607,2022-06-07,2022,2,6,June,23,7,3,Tuesday,false
20220608,2022-06-08,2022,2,6,June,23,8,4,Wednesday,false
20220609,2022-06-09,2022,2,6,June,23,9,5,Thursday,false
20220610,2022-06-10,2022,2,6,June,23,10,6,Friday,false
20220611,2022-06-11,2022,2,6,June,23,11,7,Saturday,true
20220612,2022-06-12,2022,2,6,June,23,12,1,Sunday,true
20220613,2022-06-13,2022,2,6,June,24,13,2,Monday,false
20220614,2022-06-14,2022,2,6,June,24,14,3,Tuesday,false
20220615,2022-06-15,2022,2,6,June,24,15,4,Wednesday,false
20220616,2022-06-16,2022,2,6,June,24,16,5,Thursday,false
20220617,2022-06-17,2022,2,6,June,24,17,6,Friday,false
20220618,2022-06-18,2022,2,6,June,24,18,7,Saturday,true
20220619,2022-06-19,2022,2,6,June,24,19,1,Sunday,true
20220620,2022-06-20,2022,2,6,June,25,20,2,Monday,false
20220621,2022-06-21,2022,2,6,June,25,21,3,Tuesday,false
20220622,2022-06-22,2022,2,6,June,25,22,4,Wednesday,false
20220623,2022-06-23,2022,2,6,June,25,23,5,Thursday,false
20220624,2022-06-24,2022,2,6,June,25,24,6,Friday,false
20220625,2022-06-25,2022,2,6,June,25,25,7,Saturday,true
20220626,2022-06-26,2022,2,6,June,25,26,1,Sunday,true
20220627,2022-06-27,2022,2,6,June,26,27,2,Monday,false
20220628,2022-06-28,2022,2,6,June,26,28,3,Tuesday,false
20220629,2022-06-29,2022,2,6,June,26,29,4,Wednesday,false
20220630,2022-06-30,2022,2,6,June,26,30,5,Thursday,false
20220701,2022-07-01,2022,3,7,July,26,1,6,Friday,false
20220702,2022-07-02,2022,3,7,July,26,2,7,Saturday,true
20220703,2022-07-03,2022,3,7,July,26,3,1,Sunday,true
20220704,2022-07-04,2022,3,7,July,27,4,2,Monday,false
20220705,2022-07-05,2022,3,7,July,27,5,3,Tuesday,false
20220706,2022-07-06,2022,3,7,July,27,6,4,Wednesday,false
20220707,2022-07-07,2022,3,7,July,27,7,5,Thursday,false
20220708,2022-07-08,2022,3,7,July,27,8,6,Friday,false
20220709,2022-07-09,2022,3,7,July,27,9,7,Saturday,true
20220710,2022-07-10,2022,3,7,July,27,10,1,Sunday,true
20220711,2022-07-11,2022,3,7,July,28,11,2,Monday,false
20220712,2022-07-12,2022,3,7,July,28,12,3,Tuesday,false
20220713,2022-07-13,2022,3,7,July,28,13,4,Wednesday,false
20220714,2022-07-14,2022,3,7,July,28,14,5,Thursday,false
20220715,2022-07-15,2022,3,7,July,28,15,6,Friday,false
20220716,2022-07-16,2022,3,7,July,28,16,7,Saturday,true
20220717,2022-07-17,2022,3,7,July,28,17,1,Sunday,true
20220718,2022-07-18,2022,3,7,July,29,18,2,Monday,false
20220719,2022-07-19,2022,3,7,July,29,19,3,Tuesday,false
20220720,2022-07-20,2022,3,7,July,29,20,4,Wednesday,false
20220721,2022-07-21,2022,3,7,July,29,21,5,Thursday,false
20220722,2022-07-22,2022,3,7,July,29,22,6,Friday,false
20220723,2022-07-23,2022,3,7,July,29,23,7,Saturday,true
20220724,2022-07-24,2022,3,7,July,29,24,1,Sunday,true
20220725,2022-07-25,2022,3,7,July,30,25,2,Monday,false
20220726,2022-07-26,2022,3,7,July,30,26,3,Tuesday,false
20220727,2022-07-27,2022,3,7,July,30,27,4,Wednesday,false
20220728,2022-07-28,2022,3,7,July,30,28,5,Thursday,false
20220729,2022-07-29,2022,3,7,July,30,29,6,Friday,false
20220730,2022-07-30,2022,3,7,July,30,30,7,Saturday,true
20220731,2022-07-31,2022,3,7,July,30,31,1,Sunday,true
20220801,2022-08-01,2022,3,8,August,31,1,2,Monday,false
20220802,2022-08-02,2022,3,8,August,31,2,3,Tuesday,false
20220803,2022-08-03,2022,3,8,August,31,3,4,Wednesday,false
20220804,2022-08-04,2022,3,8,August,31,4,5,Thursday,false
20220805,2022-08-05,2022,3,8,August,31,5,6,Friday,false
20220806,2022-08-06,2022,3,8,August,31,6,7,Saturday,true
20220807,2022-08-07,2022,3,8,August,31,7,1,Sunday,true
20220808,2022-08-08,2022,3,8,August,32,8,2,Monday,false
20220809,2022-08-09,2022,3,8,August,32,9,3,Tuesday,false
20220810,2022-08-10,2022,3,8,August,32,10,4,Wednesday,false
20220811,2022-08-11,2022,3,8,August,32,11,5,Thursday,false
20220812,2022-08-12,2022,3,8,August,32,12,6,Friday,false
20220813,2022-08-13,2022,3,8,August,32,13,7,Saturday,true
20220814,2022-08-14,2022,3,8,August,32,14,1,Sunday,true
20220815,2022-08-15,2022,3,8,August,33,15,2,Monday,false
20220816,2022-08-16,2022,3,8,August,33,16,3,Tuesday,false
20220817,2022-08-17,2022,3,8,August,33,17,4,Wednesday,false
20220818,2022-08-18,2022,3,8,August,33,18,5,Thursday,false
20220819,2022-08-19,2022,3,8,August,33,19,6,Friday,false
20220820,2022-08-20,2022,3,8,August,33,20,7,Saturday,true
20220821,2022-08-21,2022,3,8,August,33,21,1,Sunday,true
20220822,2022-08-22,2022,3,8,August,34,22,2,Monday,false
20220823,2022-08-23,2022,3,8,August,34,23,3,Tuesday,false
20220824,2022-08-24,2022,3,8,August,34,24,4,Wednesday,false
20220825,2022-08-25,2022,3,8,August,34,25,5,Thursday,false
20220826,2022-08-26,2022,3,8,August,34,26,6,Friday,false
20220827,2022-08-27,2022,3,8,August,34,27,7,Saturday,true
20220828,2022-08-28,2022,3,8,August,34,28,1,Sunday,true
20220829,2022-08-29,2022,3,8,August,35,29,2,Monday,false
20220830,2022-08-30,2022,3,8,August,35,30,3,Tuesday,false
20220831,2022-08-31,2022,3,8,August,35,31,4,Wednesday,false
20220901,2022-09-01,2022,3,9,September,35,1,5,Thursday,false
20220902,2022-09-02,2022,3,9,September,35,2,6,Friday,false
20220903,2022-09-03,2022,3,9,September,35,3,7,Saturday,true
20220904,2022-09-04,2022,3,9,September,35,4,1,Sunday,true
20220905,2022-09-05,2022,3,9,September,36,5,2,Monday,false
20220906,2022-09-06,2022,3,9,September,36,6,3,Tuesday,false
20220907,2022-09-07,2022,3,9,September,36,7,4,Wednesday,false
20220908,2022-09-08,2022,3,9,September,36,8,5,Thursday,false
20220909,2022-09-09,2022,3,9,September,36,9,6,Friday,false
20220910,2022-09-10,2022,3,9,September,36,10,7,Saturday,true
20220911,2022-09-11,2022,3,9,September,36,11,1,Sunday,true
20220912,2022-09-12,2022,3,9,September,37,12,2,Monday,false
20220913,2022-09-13,2022,3,9,September,37,13,3,Tuesday,false
20220914,2022-09-14,2022,3,9,September,37,14,4,Wednesday,false
20220915,2022-09-15,2022,3,9,September,37,15,5,Thursday,false
20220916,2022-09-16,2022,3,9,September,37,16,6,Friday,false
20220917,2022-09-17,2022,3,9,September,37,17,7,Saturday,true
20220918,2022-09-18,2022,3,9,September,37,18,1,Sunday,true
20220919,2022-09-19,2022,3,9,September,38,19,2,Monday,false
20220920,2022-09-20,2022,3,9,September,38,20,3,Tuesday,false
20220921,2022-09-21,2022,3,9,September,38,21,4,Wednesday,false
20220922,2022-09-22,2022,3,9,September,38,22,5,Thursday,false
20220923,2022-09-23,2022,3,9,September,38,23,6,Friday,false
20220924,2022-09-24,2022,3,9,September,38,24,7,Saturday,true
20220925,2022-09-25,2022,3,9,September,38,25,1,Sunday,true
20220926,2022-09-26,2022,3,9,September,39,26,2,Monday,false
20220927,2022-09-27,2022,3,9,September,39,27,3,Tuesday,false
20220928,2022-09-28,2022,3,9,September,39,28,4,Wednesday,false
20220929,2022-09-29,2022,3,9,September,39,29,5,Thursday,false
20220930,2022-09-30,2022,3,9,September,39,30,6,Friday,false
20221001,2022-10-01,2022,4,10,October,39,1,7,Saturday,true
20221002,2022-10-02,2022,4,10,October,39,2,1,Sunday,true
20221003,2022-10-03,2022,4,10,October,40,3,2,Monday,false
20221004,2022-10-04,2022,4,10,October,40,4,3,Tuesday,false
20221005,2022-10-05,2022,4,10,October,40,5,4,Wednesday,false
20221006,2022-10-06,2022,4,10,October,40,6,5,Thursday,false
20221007,2022-10-07,2022,4,10,October,40,7,6,Friday,false
20221008,2022-10-08,2022,4,10,October,40,8,7,Saturday,true
20221009,2022-10-09,2022,4,10,October,40,9,1,Sunday,true
20221010,2022-10-10,2022,4,10,October,41,10,2,Monday,false
20221011,2022-10-11,2022,4,10,October,41,11,3,Tuesday,false
20221012,2022-10-12,2022,4,10,October,41,12,4,Wednesday,false
20221013,2022-10-13,2022,4,10,October,41,13,5,Thursday,false
20221014,2022-10-14,2022,4,10,October,41,14,6,Friday,false
20221015,2022-10-15,2022,4,10,October,41,15,7,Saturday,true
20221016,2022-10-16,2022,4,10,October,41,16,1,Sunday,true
20221017,2022-10-17,2022,4,10,October,42,17,2,Monday,false
20221018,2022-10-18,2022,4,10,October,42,18,3,Tuesday,false
20221019,2022-10-19,2022,4,10,October,42,19,4,Wednesday,false
20221020,2022-10-20,2022,4,10,October,42,20,5,Thursday,false
20221021,2022-10-21,2022,4,10,October,42,21,6,Friday,false
20221022,2022-10-22,2022,4,10,October,42,22,7,Saturday,true
20221023,2022-10-23,2022,4,10,October,42,23,1,Sunday,true
20221024,2022-10-24,2022,4,10,October,43,24,2,Monday,false
20221025,2022-10-25,2022,4,10,October,43,25,3,Tuesday,false
20221026,2022-10-26,2022,4,10,October,43,26,4,Wednesday,false
20221027,2022-10-27,2022,4,10,October,43,27,5,Thursday,false
20221028,2022-10-28,2022,4,10,October,43,28,6,Friday,false
20221029,2022-10-29,2022,4,10,October,43,29,7,Saturday,true
20221030,2022-10-30,2022,4,10,October,43,30,1,Sunday,true
20221031,2022-10-31,2022,4,10,October,44,31,2,Monday,false
20221101,2022-11-01,2022,4,11,November,44,1,3,Tuesday,false
20221102,2022-11-02,2022,4,11,November,44,2,4,Wednesday,false
20221103,2022-11-03,2022,4,11,November,44,3,5,Thursday,false
20221104,2022-11-04,2022,4,11,November,44,4,6,Friday,false
20221105,2022-11-05,2022,4,11,November,44,5,7,Saturday,true
20221106,2022-11-06,2022,4,11,November,44,6,1,Sunday,true
20221107,2022-11-07,2022,4,11,November,45,7,2,Monday,false
20221108,2022-11-08,2022,4,11,November,45,8,3,Tuesday,false
20221109,2022-11-09,2022,4,11,November,45,9,4,Wednesday,false
20221110,2022-11-10,2022,4,11,November,45,10,5,Thursday,false
20221111,2022-11-11,2022,4,11,November,45,11,6,Friday,false
20221112,2022-11-12,2022,4,11,November,45,12,7,Saturday,true
20221113,2022-11-13,2022,4,11,November,45,13,1,Sunday,true
20221114,2022-11-14,2022,4,11,November,46,14,2,Monday,false
20221115,2022-11-15,2022,4,11,November,46,15,3,Tuesday,false
20221116,2022-11-16,2022,4,11,November,46,16,4,Wednesday,false
20221117,2022-11-17,2022,4,11,November,46,17,5,Thursday,false
20221118,2022-11-18,2022,4,11,November,46,18,6,Friday,false
20221119,2022-11-19,2022,4,11,November,46,19,7,Saturday,true
20221120,2022-11-20,2022,4,11,November,46,20,1,Sunday,true
20221121,2022-11-21,2022,4,11,November,47,21,2,Monday,false
20221122,2022-11-22,2022,4,11,November,47,22,3,Tuesday,false
20221123,2022-11-23,2022,4,11,November,47,23,4,Wednesday,false
20221124,2022-11-24,2022,4,11,November,47,24,5,Thursday,false
20221125,2022-11-25,2022,4,11,November,47,25,6,Friday,false
20221126,2022-11-26,2022,4,11,November,47,26,7,Saturday,true
20221127,2022-11-27,2022,4,11,November,47,27,1,Sunday,true
20221128,2022-11-28,2022,4,11,November,48,28,2,Monday,false
20221129,2022-11-29,2022,4,11,November,48,29,3,Tuesday,false
20221130,2022-11-30,2022,4,11,November,48,30,4,Wednesday,false
20221201,2022-12-01,2022,4,12,December,48,1,5,Thursday,false
20221202,2022-12-02,2022,4,12,December,48,2,6,Friday,false
20221203,2022-12-03,2022,4,12,December,48,3,7,Saturday,true
20221204,2022-12-04,2022,4,12,December,48,4,1,Sunday,true
20221205,2022-12-05,2022,4,12,December,49,5,2,Monday,false
20221206,2022-12-06,2022,4,12,December,49,6,3,Tuesday,false
20221207,2022-12-07,2022,4,12,December,49,7,4,Wednesday,false
20221208,2022-12-08,2022,4,12,December,49,8,5,Thursday,false
20221209,2022-12-09,2022,4,12,December,49,9,6,Friday,false
20221210,2022-12-10,2022,4,12,December,49,10,7,Saturday,true
20221211,2022-12-11,2022,4,12,December,49,11,1,Sunday,true
20221212,2022-12-12,2022,4,12,December,50,12,2,Monday,false
20221213,2022-12-13,2022,4,12,December,50,13,3,Tuesday,false
20221214,2022-12-14,2022,4,12,December,50,14,4,Wednesday,false
20221215,2022-12-15,2022,4,12,December,50,15,5,Thursday,false
20221216,2022-12-16,2022,4,12,December,50,16,6,Friday,false
20221217,2022-12-17,2022,4,12,December,50,17,7,Saturday,true
20221218,2022-12-18,2022,4,12,December,50,18,1,Sunday,true
20221219,2022-12-19,2022,4,12,December,51,19,2,Monday,false
20221220,2022-12-20,2022,4,12,December,51,20,3,Tuesday,false
20221221,2022-12-21,2022,4,12,December,51,21,4,Wednesday,false
20221222,2022-12-22,2022,4,12,December,51,22,5,Thursday,false
20221223,2022-12-23,2022,4,12,December,51,23,6,Friday,false
20221224,2022-12-24,2022,4,12,December,51,24,7,Saturday,true
20221225,2022-12-25,2022,4,12,December,51,25,1,Sunday,true
20221226,2022-12-26,2022,4,12,December,52,26,2,Monday,false
20221227,2022-12-27,2022,4,12,December,52,27,3,Tuesday,false
20221228,2022-12-28,2022,4,12,December,52,28,4,Wednesday,false
20221229,2022-12-29,2022,4,12,December,52,29,5,Thursday,false
20221230,2022-12-30,2022,4,12,December,52,30,6,Friday,false
20221231,2022-12-31,2022,4,12,December,52,31,7,Saturday,true
20230101,2023-01-01,2023,1,1,January,52,1,1,Sunday,true
20230102,2023-01-02,2023,1,1,January,1,2,2,Monday,false
20230103,2023-01-03,2023,1,1,January,1,3,3,Tuesday,false
20230104,2023-01-04,2023,1,1,January,1,4,4,Wednesday,false
20230105,2023-01-05,2023,1,1,January,1,5,5,Thursday,false
20230106,2023-01-06,2023,1,1,January,1,6,6,Friday,false
20230107,2023-01-07,2023,1,1,January,1,7,7,Saturday,true
20230108,2023-01-08,2023,1,1,January,1,8,1,Sunday,true
20230109,2023-01-09,2023,1,1,January,2,9,2,Monday,false
20230110,2023-01-10,2023,1,1,January,2,10,3,Tuesday,false
20230111,2023-01-11,2023,1,1,January,2,11,4,Wednesday,false
20230112,2023-01-12,2023,1,1,January,2,12,5,Thursday,false
20230113,2023-01-13,2023,1,1,January,2,13,6,Friday,false
20230114,2023-01-14,2023,1,1,January,2,14,7,Saturday,true
20230115,2023-01-15,2023,1,1,January,2,15,1,Sunday,true
20230116,2023-01-16,2023,1,1,January,3,16,2,Monday,false
20230117,2023-01-17,2023,1,1,January,3,17,3,Tuesday,false
20230118,2023-01-18,2023,1,1,January,3,18,4,Wednesday,false
20230119,2023-01-19,2023,1,1,January,3,19,5,Thursday,false
20230120,2023-01-20,2023,1,1,January,3,20,6,Friday,false
20230121,2023-01-21,2023,1,1,January,3,21,7,Saturday,true
20230122,2023-01-22,2023,1,1,January,3,22,1,Sunday,true
20230123,2023-01-23,2023,1,1,January,4,23,2,Monday,false
20230124,2023-01-24,2023,1,1,January,4,24,3,Tuesday,false
20230125,2023-01-25,2023,1,1,January,4,25,4,Wednesday,false
20230126,2023-01-26,2023,1,1,January,4,26,5,Thursday,false
20230127,2023-01-27,2023,1,1,January,4,27,6,Friday,false
20230128,2023-01-28,2023,1,1,January,4,28,7,Saturday,true
20230129,2023-01-29,2023,1,1,January,4,29,1,Sunday,true
20230130,2023-01-30,2023,1,1,January,5,30,2,Monday,false
20230131,2023-01-31,2023,1,1,January,5,31,3,Tuesday,false
20230201,2023-02-01,2023,1,2,February,5,1,4,Wednesday,false
20230202,2023-02-02,2023,1,2,February,5,2,5,Thursday,false
20230203,2023-02-03,2023,1,2,February,5,3,6,Friday,false
20230204,2023-02-04,2023,1,2,February,5,4,7,Saturday,true
20230205,2023-02-05,2023,1,2,February,5,5,1,Sunday,true
20230206,2023-02-06,2023,1,2,February,6,6,2,Monday,false
20230207,2023-02-07,2023,1,2,February,6,7,3,Tuesday,false
20230208,2023-02-08,2023,1,2,February,6,8,4,Wednesday,false
20230209,2023-02-09,2023,1,2,February,6,9,5,Thursday,false
20230210,2023-02-10,2023,1,2,February,6,10,6,Friday,false
20230211,2023-02-11,2023,1,2,February,6,11,7,Saturday,true
20230212,2023-02-12,2023,1,2,February,6,12,1,Sunday,true
20230213,2023-02-13,2023,1,2,February,7,13,2,Monday,false
20230214,2023-02-14,2023,1,2,February,7,14,3,Tuesday,false
20230215,2023-02-15,2023,1,2,February,7,15,4,Wednesday,false
20230216,2023-02-16,2023,1,2,February,7,16,5,Thursday,false
20230217,2023-02-17,2023,1,2,February,7,17,6,Friday,false
20230218,2023-02-18,2023,1,2,February,7,18,7,Saturday,true
20230219,2023-02-19,2023,1,2,February,7,19,1,Sunday,true
20230220,2023-02-20,2023,1,2,February,8,20,2,Monday,false
20230221,2023-02-21,2023,1,2,February,8,21,3,Tuesday,false
20230222,2023-02-22,2023,1,2,February,8,22,4,Wednesday,false
20230223,2023-02-23,2023,1,2,February,8,23,5,Thursday,false
20230224,2023-02-24,2023,1,2,February,8,24,6,Friday,false
20230225,2023-02-25,2023,1,2,February,8,25,7,Saturday,true
20230226,2023-02-26,2023,1,2,February,8,26,1,Sunday,true
20230227,2023-02-27,2023,1,2,February,9,27,2,Monday,false
20230228,2023-02-28,2023,1,2,February,9,28,3,Tuesday,false
20230301,2023-03-01,2023,1,3,March,9,1,4,Wednesday,false
20230302,2023-03-02,2023,1,3,March,9,2,5,Thursday,false
20230303,2023-03-03,2023,1,3,March,9,3,6,Friday,false
20230304,2023-03-04,2023,1,3,March,9,4,7,Saturday,true
20230305,2023-03-05,2023,1,3,March,9,5,1,Sunday,true
20230306,2023-03-06,2023,1,3,March,10,6,2,Monday,false
20230307,2023-03-07,2023,1,3,March,10,7,3,Tuesday,false
20230308,2023-03-08,2023,1,3,March,10,8,4,Wednesday,false
20230309,2023-03-09,2023,1,3,March,10,9,5,Thursday,false
20230310,2023-03-10,2023,1,3,March,10,10,6,Friday,false
20230311,2023-03-11,2023,1,3,March,10,11,7,Saturday,true
20230312,2023-03-12,2023,1,3,March,10,12,1,Sunday,true
20230313,2023-03-13,2023,1,3,March,11,13,2,Monday,false
20230314,2023-03-14,2023,1,3,March,11,14,3,Tuesday,false
20230315,2023-03-15,2023,1,3,March,11,15,4,Wednesday,false
20230316,2023-03-16,2023,1,3,March,11,16,5,Thursday,false
20230317,2023-03-17,2023,1,3,March,11,17,6,Friday,false
20230318,2023-03-18,2023,1,3,March,11,18,7,Saturday,true
20230319,2023-03-19,2023,1,3,March,11,19,1,Sunday,true
20230320,2023-03-20,2023,1,3,March,12,20,2,Monday,false
20230321,2023-03-21,2023,1,3,March,12,21,3,Tuesday,false
20230322,2023-03-22,2023,1,3,March,12,22,4,Wednesday,false
20230323,2023-03-23,2023,1,3,March,12,23,5,Thursday,false
20230324,2023-03-24,2023,1,3,March,12,24,6,Friday,false
20230325,2023-03-25,2023,1,3,March,12,25,7,Saturday,true
20230326,2023-03-26,2023,1,3,March,12,26,1,Sunday,true
20230327,2023-03-27,2023,1,3,March,13,27,2,Monday,false
20230328,2023-03-28,2023,1,3,March,13,28,3,Tuesday,false
20230329,2023-03-29,2023,1,3,March,13,29,4,Wednesday,false
20230330,2023-03-30,2023,1,3,March,13,30,5,Thursday,false
20230331,2023-03-31,2023,1,3,March,13,31,6,Friday,false
20230401,2023-04-01,2023,2,4,April,13,1,7,Saturday,true
20230402,2023-04-02,2023,2,4,April,13,2,1,Sunday,true
20230403,2023-04-03,2023,2,4,April,14,3,2,Monday,false
20230404,2023-04-04,2023,2,4,April,14,4,3,Tuesday,false
20230405,2023-04-05,2023,2,4,April,14,5,4,Wednesday,false
20230406,2023-04-06,2023,2,4,April,14,6,5,Thursday,false
20230407,2023-04-07,2023,2,4,April,14,7,6,Friday,false
20230408,2023-04-08,2023,2,4,April,14,8,7,Saturday,true
20230409,2023-04-09,2023,2,4,April,14,9,1,Sunday,true
20230410,2023-04-10,2023,2,4,April,15,10,2,Monday,false
20230411,2023-04-11,2023,2,4,April,15,11,3,Tuesday,false
20230412,2023-04-12,2023,2,4,April,15,12,4,Wednesday,false
20230413,2023-04-13,2023,2,4,April,15,13,5,Thursday,false
20230414,2023-04-14,2023,2,4,April,15,14,6,Friday,false
20230415,2023-04-15,2023,2,4,April,15,15,7,Saturday,true
20230416,2023-04-16,2023,2,4,April,15,16,1,Sunday,true
20230417,2023-04-17,2023,2,4,April,16,17,2,Monday,false
20230418,2023-04-18,2023,2,4,April,16,18,3,Tuesday,false
20230419,2023-04-19,2023,2,4,April,16,19,4,Wednesday,false
20230420,2023-04-20,2023,2,4,April,16,20,5,Thursday,false
20230421,2023-04-21,2023,2,4,April,16,21,6,Friday,false
20230422,2023-04-22,2023,2,4,April,16,22,7,Saturday,true
20230423,2023-04-23,2023,2,4,April,16,23,1,Sunday,true
20230424,2023-04-24,2023,2,4,April,17,24,2,Monday,false
20230425,2023-04-25,2023,2,4,April,17,25,3,Tuesday,false
20230426,2023-04-26,2023,2,4,April,17,26,4,Wednesday,false
20230427,2023-04-27,2023,2,4,April,17,27,5,Thursday,false
20230428,2023-04-28,2023,2,4,April,17,28,6,Friday,false
20230429,2023-04-29,2023,2,4,April,17,29,7,Saturday,true
20230430,2023-04-30,2023,2,4,April,17,30,1,Sunday,true
20230501,2023-05-01,2023,2,5,May,18,1,2,Monday,false
20230502,2023-05-02,2023,2,5,May,18,2,3,Tuesday,false
20230503,2023-05-03,2023,2,5,May,18,3,4,Wednesday,false
20230504,2023-05-04,2023,2,5,May,18,4,5,Thursday,false
20230505,2023-05-05,2023,2,5,May,18,5,6,Friday,false
20230506,2023-05-06,2023,2,5,May,18,6,7,Saturday,true
20230507,2023-05-07,2023,2,5,May,18,7,1,Sunday,true
20230508,2023-05-08,2023,2,5,May,19,8,2,Monday,false
20230509,2023-05-09,2023,2,5,May,19,9,3,Tuesday,false
20230510,2023-05-10,2023,2,5,May,19,10,4,Wednesday,false
20230511,2023-05-11,2023,2,5,May,19,11,5,Thursday,false
20230512,2023-05-12,2023,2,5,May,19,12,6,Friday,false
20230513,2023-05-13,2023,2,5,May,19,13,7,Saturday,true
20230514,2023-05-14,2023,2,5,May,19,14,1,Sunday,true
20230515,2023-05-15,2023,2,5,May,20,15,2,Monday,false
20230516,2023-05-16,2023,2,5,May,20,16,3,Tuesday,false
20230517,2023-05-17,2023,2,5,May,20,17,4,Wednesday,false
20230518,2023-05-18,2023,2,5,May,20,18,5,Thursday,false
20230519,2023-05-19,2023,2,5,May,20,19,6,Friday,false
20230520,2023-05-20,2023,2,5,May,20,20,7,Saturday,true
20230521,2023-05-21,2023,2,5,May,20,21,1,Sunday,true
20230522,2023-05-22,2023,2,5,May,21,22,2,Monday,false
20230523,2023-05-23,2023,2,5,May,21,23,3,Tuesday,false
20230524,2023-05-24,2023,2,5,May,21,24,4,Wednesday,false
20230525,2023-05-25,2023,2,5,May,21,25,5,Thursday,false
20230526,2023-05-26,2023,2,5,May,21,26,6,Friday,false
20230527,2023-05-27,2023,2,5,May,21,27,7,Saturday,true
20230528,2023-05-28,2023,2,5,May,21,28,1,Sunday,true
20230529,2023-05-29,2023,2,5,May,22,29,2,Monday,false
20230530,2023-05-30,2023,2,5,May,22,30,3,Tuesday,false
20230531,2023-05-31,2023,2,5,May,22,31,4,Wednesday,false
20230601,2023-06-01,2023,2,6,June,22,1,5,Thursday,false
20230602,2023-06-02,2023,2,6,June,22,2,6,Friday,false
20230603,2023-06-03,2023,2,6,June,22,3,7,Saturday,true
20230604,2023-06-04,2023,2,6,June,22,4,1,Sunday,true
20230605,2023-06-05,2023,2,6,June,23,5,2,Monday,false
20230606,2023-06-06,2023,2,6,June,23,6,3,Tuesday,false
20230607,2023-06-07,2023,2,6,June,23,7,4,Wednesday,false
20230608,2023-06-08,2023,2,6,June,23,8,5,Thursday,false
20230609,2023-06-09,2023,2,6,June,23,9,6,Friday,false
20230610,2023-06-10,2023,2,6,June,23,10,7,Saturday,true
20230611,2023-06-11,2023,2,6,June,23,11,1,Sunday,true
20230612,2023-06-12,2023,2,6,June,24,12,2,Monday,false
20230613,2023-06-13,2023,2,6,June,24,13,3,Tuesday,false
20230614,2023-06-14,2023,2,6,June,24,14,4,Wednesday,false
20230615,2023-06-15,2023,2,6,June,24,15,5,Thursday,false
20230616,2023-06-16,2023,2,6,June,24,16,6,Friday,false
20230617,2023-06-17,2023,2,6,June,24,17,7,Saturday,true
20230618,2023-06-18,2023,2,6,June,24,18,1,Sunday,true
20230619,2023-06-19,2023,2,6,June,25,19,2,Monday,false
20230620,2023-06-20,2023,2,6,June,25,20,3,Tuesday,false
20230621,2023-06-21,2023,2,6,June,25,21,4,Wednesday,false
20230622,2023-06-22,2023,2,6,June,25,22,5,Thursday,false
20230623,2023-06-23,2023,2,6,June,25,23,6,Friday,false
20230624,2023-06-24,2023,2,6,June,25,24,7,Saturday,true
20230625,2023-06-25,2023,2,6,June,25,25,1,Sunday,true
20230626,2023-06-26,2023,2,6,June,26,26,2,Monday,false
20230627,2023-06-27,2023,2,6,June,26,27,3,Tuesday,false
20230628,2023-06-28,2023,2,6,June,26,28,4,Wednesday,false
20230629,2023-06-29,2023,2,6,June,26,29,5,Thursday,false
20230630,2023-06-30,2023,2,6,June,26,30,6,Friday,false
20230701,2023-07-01,2023,3,7,July,26,1,7,Saturday,true
20230702,2023-07-02,2023,3,7,July,26,2,1,Sunday,true
20230703,2023-07-03,2023,3,7,July,27,3,2,Monday,false
20230704,2023-07-04,2023,3,7,July,27,4,3,Tuesday,false
20230705,2023-07-05,2023,3,7,July,27,5,4,Wednesday,false
20230706,2023-07-06,2023,3,7,July,27,6,5,Thursday,false
20230707,2023-07-07,2023,3,7,July,27,7,6,Friday,false
20230708,2023-07-08,2023,3,7,July,27,8,7,Saturday,true
20230709,2023-07-09,2023,3,7,July,27,9,1,Sunday,true
20230710,2023-07-10,2023,3,7,July,28,10,2,Monday,false
20230711,2023-07-11,2023,3,7,July,28,11,3,Tuesday,false
20230712,2023-07-12,2023,3,7,July,28,12,4,Wednesday,false
20230713,2023-07-13,2023,3,7,July,28,13,5,Thursday,false
20230714,2023-07-14,2023,3,7,July,28,14,6,Friday,false
20230715,2023-07-15,2023,3,7,July,28,15,7,Saturday,true
20230716,2023-07-16,2023,3,7,July,28,16,1,Sunday,true
20230717,2023-07-17,2023,3,7,July,29,17,2,Monday,false
20230718,2023-07-18,2023,3,7,July,29,18,3,Tuesday,false
20230719,2023-07-19,2023,3,7,July,29,19,4,Wednesday,false
20230720,2023-07-20,2023,3,7,July,29,20,5,Thursday,false
20230721,2023-07-21,2023,3,7,July,29,21,6,Friday,false
20230722,2023-07-22,2023,3,7,July,29,22,7,Saturday,true
20230723,2023-07-23,2023,3,7,July,29,23,1,Sunday,true
20230724,2023-07-24,2023,3,7,July,30,24,2,Monday,false
20230725,2023-07-25,2023,3,7,July,30,25,3,Tuesday,false
20230726,2023-07-26,2023,3,7,July,30,26,4,Wednesday,false
20230727,2023-07-27,2023,3,7,July,30,27,5,Thursday,false
20230728,2023-07-28,2023,3,7,July,30,28,6,Friday,false
20230729,2023-07-29,2023,3,7,July,30,29,7,Saturday,true
20230730,2023-07-30,2023,3,7,July,30,30,1,Sunday,true
20230731,2023-07-31,2023,3,7,July,31,31,2,Monday,false
20230801,2023-08-01,2023,3,8,August,31,1,3,Tuesday,false
20230802,2023-08-02,2023,3,8,August,31,2,4,Wednesday,false
20230803,2023-08-03,2023,3,8,August,31,3,5,Thursday,false
20230804,2023-08-04,2023,3,8,August,31,4,6,Friday,false
20230805,2023-08-05,2023,3,8,August,31,5,7,Saturday,true
20230806,2023-08-06,2023,3,8,August,31,6,1,Sunday,true
20230807,2023-08-07,2023,3,8,August,32,7,2,Monday,false
20230808,2023-08-08,2023,3,8,August,32,8,3,Tuesday,false
20230809,2023-08-09,2023,3,8,August,32,9,4,Wednesday,false
20230810,2023-08-10,2023,3,8,August,32,10,5,Thursday,false
20230811,2023-08-11,2023,3,8,August,32,11,6,Friday,false
20230812,2023-08-12,2023,3,8,August,32,12,7,Saturday,true
20230813,2023-08-13,2023,3,8,August,32,13,1,Sunday,true
20230814,2023-08-14,2023,3,8,August,33,14,2,Monday,false
20230815,2023-08-15,2023,3,8,August,33,15,3,Tuesday,false
20230816,2023-08-16,2023,3,8,August,33,16,4,Wednesday,false
20230817,2023-08-17,2023,3,8,August,33,17,5,Thursday,false
20230818,2023-08-18,2023,3,8,August,33,18,6,Friday,false
20230819,2023-08-19,2023,3,8,August,33,19,7,Saturday,true
20230820,2023-08-20,2023,3,8,August,33,20,1,Sunday,true
20230821,2023-08-21,2023,3,8,August,34,21,2,Monday,false
20230822,2023-08-22,2023,3,8,August,34,22,3,Tuesday,false
20230823,2023-08-23,2023,3,8,August,34,23,4,Wednesday,false
20230824,2023-08-24,2023,3,8,August,34,24,5,Thursday,false
20230825,2023-08-25,2023,3,8,August,34,25,6,Friday,false
20230826,2023-08-26,2023,3,8,August,34,26,7,Saturday,true
20230827,2023-08-27,2023,3,8,August,34,27,1,Sunday,true
20230828,2023-08-28,2023,3,8,August,35,28,2,Monday,false
20230829,2023-08-29,2023,3,8,August,35,29,3,Tuesday,false
20230830,2023-08-30,2023,3,8,August,35,30,4,Wednesday,false
20230831,2023-08-31,2023,3,8,August,35,31,5,Thursday,false
20230901,2023-09-01,2023,3,9,September,35,1,6,Friday,false
20230902,2023-09-02,2023,3,9,September,35,2,7,Saturday,true
20230903,2023-09-03,2023,3,9,September,35,3,1,Sunday,true
20230904,2023-09-04,2023,3,9,September,36,4,2,Monday,false
20230905,2023-09-05,2023,3,9,September,36,5,3,Tuesday,false
20230906,2023-09-06,2023,3,9,September,36,6,4,Wednesday,false
20230907,2023-09-07,2023,3,9,September,36,7,5,Thursday,false
20230908,2023-09-08,2023,3,9,September,36,8,6,Friday,false
20230909,2023-09-09,2023,3,9,September,36,9,7,Saturday,true
20230910,2023-09-10,2023,3,9,September,36,10,1,Sunday,true
20230911,2023-09-11,2023,3,9,September,37,11,2,Monday,false
20230912,2023-09-12,2023,3,9,September,37,12,3,Tuesday,false
20230913,2023-09-13,2023,3,9,September,37,13,4,Wednesday,false
20230914,2023-09-14,2023,3,9,September,37,14,5,Thursday,false
20230915,2023-09-15,2023,3,9,September,37,15,6,Friday,false
20230916,2023-09-16,2023,3,9,September,37,16,7,Saturday,true
20230917,2023-09-17,2023,3,9,September,37,17,1,Sunday,true
20230918,2023-09-18,2023,3,9,September,38,18,2,Monday,false
20230919,2023-09-19,2023,3,9,September,38,19,3,Tuesday,false
20230920,2023-09-20,2023,3,9,September,38,20,4,Wednesday,false
20230921,2023-09-21,2023,3,9,September,38,21,5,Thursday,false
20230922,2023-09-22,2023,3,9,September,38,22,6,Friday,false
20230923,2023-09-23,2023,3,9,September,38,23,7,Saturday,true
20230924,2023-09-24,2023,3,9,September,38,24,1,Sunday,true
20230925,2023-09-25,2023,3,9,September,39,25,2,Monday,false
20230926,2023-09-26,2023,3,9,September,39,26,3,Tuesday,false
20230927,2023-09-27,2023,3,9,September,39,27,4,Wednesday,false
20230928,2023-09-28,2023,3,9,September,39,28,5,Thursday,false
20230929,2023-09-29,2023,3,9,September,39,29,6,Friday,false
20230930,2023-09-30,2023,3,9,September,39,30,7,Saturday,true
20231001,2023-10-01,2023,4,10,October,39,1,1,Sunday,true
20231002,2023-10-02,2023,4,10,October,40,2,2,Monday,false
20231003,2023-10-03,2023,4,10,October,40,3,3,Tuesday,false
20231004,2023-10-04,2023,4,10,October,40,4,4,Wednesday,false
20231005,2023-10-05,2023,4,10,October,40,5,5,Thursday,false
20231006,2023-10-06,2023,4,10,October,40,6,6,Friday,false
20231007,2023-10-07,2023,4,10,October,40,7,7,Saturday,true
20231008,2023-10-08,2023,4,10,October,40,8,1,Sunday,true
20231009,2023-10-09,2023,4,10,October,41,9,2,Monday,false
20231010,2023-10-10,2023,4,10,October,41,10,3,Tuesday,false
20231011,2023-10-11,2023,4,10,October,41,11,4,Wednesday,false
20231012,2023-10-12,2023,4,10,October,41,12,5,Thursday,false
20231013,2023-10-13,2023,4,10,October,41,13,6,Friday,false
20231014,2023-10-14,2023,4,10,October,41,14,7,Saturday,true
20231015,2023-10-15,2023,4,10,October,41,15,1,Sunday,true
20231016,2023-10-16,2023,4,10,October,42,16,2,Monday,false
20231017,2023-10-17,2023,4,10,October,42,17,3,Tuesday,false
20231018,2023-10-18,2023,4,10,October,42,18,4,Wednesday,false
20231019,2023-10-19,2023,4,10,October,42,19,5,Thursday,false
20231020,2023-10-20,2023,4,10,October,42,20,6,Friday,false
20231021,2023-10-21,2023,4,10,October,42,21,7,Saturday,true
20231022,2023-10-22,2023,4,10,October,42,22,1,Sunday,true
20231023,2023-10-23,2023,4,10,October,43,23,2,Monday,false
20231024,2023-10-24,2023,4,10,October,43,24,3,Tuesday,false
20231025,2023-10-25,2023,4,10,October,43,25,4,Wednesday,false
20231026,2023-10-26,2023,4,10,October,43,26,5,Thursday,false
20231027,2023-10-27,2023,4,10,October,43,27,6,Friday,false
20231028,2023-10-28,2023,4,10,October,43,28,7,Saturday,true
20231029,2023-10-29,2023,4,10,October,43,29,1,Sunday,true
20231030,2023-10-30,2023,4,10,October,44,30,2,Monday,false
20231031,2023-10-31,2023,4,10,October,44,31,3,Tuesday,false
20231101,2023-11-01,2023,4,11,November,44,1,4,Wednesday,false
20231102,2023-11-02,2023,4,11,November,44,2,5,Thursday,false
20231103,2023-11-03,2023,4,11,November,44,3,6,Friday,false
20231104,2023-11-04,2023,4,11,November,44,4,7,Saturday,true
20231105,2023-11-05,2023,4,11,November,44,5,1,Sunday,true
20231106,2023-11-06,2023,4,11,November,45,6,2,Monday,false
20231107,2023-11-07,2023,4,11,November,45,7,3,Tuesday,false
20231108,2023-11-08,2023,4,11,November,45,8,4,Wednesday,false
20231109,2023-11-09,2023,4,11,November,45,9,5,Thursday,false
20231110,2023-11-10,2023,4,11,November,45,10,6,Friday,false
20231111,2023-11-11,2023,4,11,November,45,11,7,Saturday,true
20231112,2023-11-12,2023,4,11,November,45,12,1,Sunday,true
20231113,2023-11-13,2023,4,11,November,46,13,2,Monday,false
20231114,2023-11-14,2023,4,11,November,46,14,3,Tuesday,false
20231115,2023-11-15,2023,4,11,November,46,15,4,Wednesday,false
20231116,2023-11-16,2023,4,11,November,46,16,5,Thursday,false
20231117,2023-11-17,2023,4,11,November,46,17,6,Friday,false
20231118,2023-11-18,2023,4,11,November,46,18,7,Saturday,true
20231119,2023-11-19,2023,4,11,November,46,19,1,Sunday,true
20231120,2023-11-20,2023,4,11,November,47,20,2,Monday,false
20231121,2023-11-21,2023,4,11,November,47,21,3,Tuesday,false
20231122,2023-11-22,2023,4,11,November,47,22,4,Wednesday,false
20231123,2023-11-23,2023,4,11,November,47,23,5,Thursday,false
20231124,2023-11-24,2023,4,11,November,47,24,6,Friday,false
20231125,2023-11-25,2023,4,11,November,47,25,7,Saturday,true
20231126,2023-11-26,2023,4,11,November,47,26,1,Sunday,true
20231127,2023-11-27,2023,4,11,November,48,27,2,Monday,false
20231128,2023-11-28,2023,4,11,November,48,28,3,Tuesday,false
20231129,2023-11-29,2023,4,11,November,48,29,4,Wednesday,false
20231130,2023-11-30,2023,4,11,November,48,30,5,Thursday,false
20231201,2023-12-01,2023,4,12,December,48,1,6,Friday,false
20231202,2023-12-02,2023,4,12,December,48,2,7,Saturday,true
20231203,2023-12-03,2023,4,12,December,48,3,1,Sunday,true
20231204,2023-12-04,2023,4,12,December,49,4,2,Monday,false
20231205,2023-12-05,2023,4,12,December,49,5,3,Tuesday,false
20231206,2023-12-06,2023,4,12,December,49,6,4,Wednesday,false
20231207,2023-12-07,2023,4,12,December,49,7,5,Thursday,false
20231208,2023-12-08,2023,4,12,December,49,8,6,Friday,false
20231209,2023-12-09,2023,4,12,December,49,9,7,Saturday,true
20231210,2023-12-10,2023,4,12,December,49,10,1,Sunday,true
20231211,2023-12-11,2023,4,12,December,50,11,2,Monday,false
20231212,2023-12-12,2023,4,12,December,50,12,3,Tuesday,false
20231213,2023-12-13,2023,4,12,December,50,13,4,Wednesday,false
20231214,2023-12-14,2023,4,12,December,50,14,5,Thursday,false
20231215,2023-12-15,2023,4,12,December,50,15,6,Friday,false
20231216,2023-12-16,2023,4,12,December,50,16,7,Saturday,true
20231217,2023-12-17,2023,4,12,December,50,17,1,Sunday,true
20231218,2023-12-18,2023,4,12,December,51,18,2,Monday,false
20231219,2023-12-19,2023,4,12,December,51,19,3,Tuesday,false
20231220,2023-12-20,2023,4,12,December,51,20,4,Wednesday,false
20231221,2023-12-21,2023,4,12,December,51,21,5,Thursday,false
20231222,2023-12-22,2023,4,12,December,51,22,6,Friday,false
20231223,2023-12-23,2023,4,12,December,51,23,7,Saturday,true
20231224,2023-12-24,2023,4,12,December,51,24,1,Sunday,true
20231225,2023-12-25,2023,4,12,December,52,25,2,Monday,false
20231226,2023-12-26,2023,4,12,December,52,26,3,Tuesday,false
20231227,2023-12-27,2023,4,12,December,52,27,4,Wednesday,false
20231228,2023-12-28,2023,4,12,December,52,28,5,Thursday,false
20231229,2023-12-29,2023,4,12,December,52,29,6,Friday,false
20231230,2023-12-30,2023,4,12,December,52,30,7,Saturday,true
20231231,2023-12-31,2023,4,12,December,52,31,1,Sunday,true
20240101,2024-01-01,2024,1,1,January,1,1,2,Monday,false
20240102,2024-01-02,2024,1,1,January,1,2,3,Tuesday,false
20240103,2024-01-03,2024,1,1,January,1,3,4,Wednesday,false
20240104,2024-01-04,2024,1,1,January,1,4,5,Thursday,false
20240105,2024-01-05,2024,1,1,January,1,5,6,Friday,false
20240106,2024-01-06,2024,1,1,January,1,6,7,Saturday,true
20240107,2024-01-07,2024,1,1,January,1,7,1,Sunday,true
20240108,2024-01-08,2024,1,1,January,2,8,2,Monday,false
20240109,2024-01-09,2024,1,1,January,2,9,3,Tuesday,false
20240110,2024-01-10,2024,1,1,January,2,10,4,Wednesday,false
20240111,2024-01-11,2024,1,1,January,2,11,5,Thursday,false
20240112,2024-01-12,2024,1,1,January,2,12,6,Friday,false
20240113,2024-01-13,2024,1,1,January,2,13,7,Saturday,true
20240114,2024-01-14,2024,1,1,January,2,14,1,Sunday,true
20240115,2024-01-15,2024,1,1,January,3,15,2,Monday,false
20240116,2024-01-16,2024,1,1,January,3,16,3,Tuesday,false
20240117,2024-01-17,2024,1,1,January,3,17,4,Wednesday,false
20240118,2024-01-18,2024,1,1,January,3,18,5,Thursday,false
20240119,2024-01-19,2024,1,1,January,3,19,6,Friday,false
20240120,2024-01-20,2024,1,1,January,3,20,7,Saturday,true
20240121,2024-01-21,2024,1,1,January,3,21,1,Sunday,true
20240122,2024-01-22,2024,1,1,January,4,22,2,Monday,false
20240123,2024-01-23,2024,1,1,January,4,23,3,Tuesday,false
20240124,2024-01-24,2024,1,1,January,4,24,4,Wednesday,false
20240125,2024-01-25,2024,1,1,January,4,25,5,Thursday,false
20240126,2024-01-26,2024,1,1,January,4,26,6,Friday,false
20240127,2024-01-27,2024,1,1,January,4,27,7,Saturday,true
20240128,2024-01-28,2024,1,1,January,4,28,1,Sunday,true
20240129,2024-01-29,2024,1,1,January,5,29,2,Monday,false
20240130,2024-01-30,2024,1,1,January,5,30,3,Tuesday,false
20240131,2024-01-31,2024,1,1,January,5,31,4,Wednesday,false
20240201,2024-02-01,2024,1,2,February,5,1,5,Thursday,false
20240202,2024-02-02,2024,1,2,February,5,2,6,Friday,false
20240203,2024-02-03,2024,1,2,February,5,3,7,Saturday,true
20240204,2024-02-04,2024,1,2,February,5,4,1,Sunday,true
20240205,2024-02-05,2024,1,2,February,6,5,2,Monday,false
20240206,2024-02-06,2024,1,2,February,6,6,3,Tuesday,false
20240207,2024-02-07,2024,1,2,February,6,7,4,Wednesday,false
20240208,2024-02-08,2024,1,2,February,6,8,5,Thursday,false
20240209,2024-02-09,2024,1,2,February,6,9,6,Friday,false
20240210,2024-02-10,2024,1,2,February,6,10,7,Saturday,true
20240211,2024-02-11,2024,1,2,February,6,11,1,Sunday,true
20240212,2024-02-12,2024,1,2,February,7,12,2,Monday,false
20240213,2024-02-13,2024,1,2,February,7,13,3,Tuesday,false
20240214,2024-02-14,2024,1,2,February,7,14,4,Wednesday,false
20240215,2024-02-15,2024,1,2,February,7,15,5,Thursday,false
20240216,2024-02-16,2024,1,2,February,7,16,6,Friday,false
20240217,2024-02-17,2024,1,2,February,7,17,7,Saturday,true
20240218,2024-02-18,2024,1,2,February,7,18,1,Sunday,true
20240219,2024-02-19,2024,1,2,February,8,19,2,Monday,false
20240220,2024-02-20,2024,1,2,February,8,20,3,Tuesday,false
20240221,2024-02-21,2024,1,2,February,8,21,4,Wednesday,false
20240222,2024-02-22,2024,1,2,February,8,22,5,Thursday,false
20240223,2024-02-23,2024,1,2,February,8,23,6,Friday,false
20240224,2024-02-24,2024,1,2,February,8,24,7,Saturday,true
20240225,2024-02-25,2024,1,2,February,8,25,1,Sunday,true
20240226,2024-02-26,2024,1,2,February,9,26,2,Monday,false
20240227,2024-02-27,2024,1,2,February,9,27,3,Tuesday,false
20240228,2024-02-28,2024,1,2,February,9,28,4,Wednesday,false
20240229,2024-02-29,2024,1,2,February,9,29,5,Thursday,false
20240301,2024-03-01,2024,1,3,March,9,1,6,Friday,false
20240302,2024-03-02,2024,1,3,March,9,2,7,Saturday,true
20240303,2024-03-03,2024,1,3,March,9,3,1,Sunday,true
20240304,2024-03-04,2024,1,3,March,10,4,2,Monday,false
20240305,2024-03-05,2024,1,3,March,10,5,3,Tuesday,false
20240306,2024-03-06,2024,1,3,March,10,6,4,Wednesday,false
20240307,2024-03-07,2024,1,3,March,10,7,5,Thursday,false
20240308,2024-03-08,2024,1,3,March,10,8,6,Friday,false
20240309,2024-03-09,2024,1,3,March,10,9,7,Saturday,true
20240310,2024-03-10,2024,1,3,March,10,10,1,Sunday,true
20240311,2024-03-11,2024,1,3,March,11,11,2,Monday,false
20240312,2024-03-12,2024,1,3,March,11,12,3,Tuesday,false
20240313,2024-03-13,2024,1,3,March,11,13,4,Wednesday,false
20240314,2024-03-14,2024,1,3,March,11,14,5,Thursday,false
20240315,2024-03-15,2024,1,3,March,11,15,6,Friday,false
20240316,2024-03-16,2024,1,3,March,11,16,7,Saturday,true
20240317,2024-03-17,2024,1,3,March,11,17,1,Sunday,true
20240318,2024-03-18,2024,1,3,March,12,18,2,Monday,false
20240319,2024-03-19,2024,1,3,March,12,19,3,Tuesday,false
20240320,2024-03-20,2024,1,3,March,12,20,4,Wednesday,false
20240321,2024-03-21,2024,1,3,March,12,21,5,Thursday,false
20240322,2024-03-22,2024,1,3,March,12,22,6,Friday,false
20240323,2024-03-23,2024,1,3,March,12,23,7,Saturday,true
20240324,2024-03-24,2024,1,3,March,12,24,1,Sunday,true
20240325,2024-03-25,2024,1,3,March,13,25,2,Monday,false
20240326,2024-03-26,2024,1,3,March,13,26,3,Tuesday,false
20240327,2024-03-27,2024,1,3,March,13,27,4,Wednesday,false
20240328,2024-03-28,2024,1,3,March,13,28,5,Thursday,false
20240329,2024-03-29,2024,1,3,March,13,29,6,Friday,false
20240330,2024-03-30,2024,1,3,March,13,30,7,Saturday,true
20240331,2024-03-31,2024,1,3,March,13,31,1,Sunday,true
20240401,2024-04-01,2024,2,4,April,14,1,2,Monday,false
20240402,2024-04-02,2024,2,4,April,14,2,3,Tuesday,false
20240403,2024-04-03,2024,2,4,April,14,3,4,Wednesday,false
20240404,2024-04-04,2024,2,4,April,14,4,5,Thursday,false
20240405,2024-04-05,2024,2,4,April,14,5,6,Friday,false
20240406,2024-04-06,2024,2,4,April,14,6,7,Saturday,true
20240407,2024-04-07,2024,2,4,April,14,7,1,Sunday,true
20240408,2024-04-08,2024,2,4,April,15,8,2,Monday,false
20240409,2024-04-09,2024,2,4,April,15,9,3,Tuesday,false
20240410,2024-04-10,2024,2,4,April,15,10,4,Wednesday,false
20240411,2024-04-11,2024,2,4,April,15,11,5,Thursday,false
20240412,2024-04-12,2024,2,4,April,15,12,6,Friday,false
20240413,2024-04-13,2024,2,4,April,15,13,7,Saturday,true
20240414,2024-04-14,2024,2,4,April,15,14,1,Sunday,true
20240415,2024-04-15,2024,2,4,April,16,15,2,Monday,false
20240416,2024-04-16,2024,2,4,April,16,16,3,Tuesday,false
20240417,2024-04-17,2024,2,4,April,16,17,4,Wednesday,false
20240418,2024-04-18,2024,2,4,April,16,18,5,Thursday,false
20240419,2024-04-19,2024,2,4,April,16,19,6,Friday,false
20240420,2024-04-20,2024,2,4,April,16,20,7,Saturday,true
20240421,2024-04-21,2024,2,4,April,16,21,1,Sunday,true
20240422,2024-04-22,2024,2,4,April,17,22,2,Monday,false
20240423,2024-04-23,2024,2,4,April,17,23,3,Tuesday,false
20240424,2024-04-24,2024,2,4,April,17,24,4,Wednesday,false
20240425,2024-04-25,2024,2,4,April,17,25,5,Thursday,false
20240426,2024-04-26,2024,2,4,April,17,26,6,Friday,false
20240427,2024-04-27,2024,2,4,April,17,27,7,Saturday,true
20240428,2024-04-28,2024,2,4,April,17,28,1,Sunday,true
20240429,2024-04-29,2024,2,4,April,18,29,2,Monday,false
20240430,2024-04-30,2024,2,4,April,18,30,3,Tuesday,false
20240501,2024-05-01,2024,2,5,May,18,1,4,Wednesday,false
20240502,2024-05-02,2024,2,5,May,18,2,5,Thursday,false
20240503,2024-05-03,2024,2,5,May,18,3,6,Friday,false
20240504,2024-05-04,2024,2,5,May,18,4,7,Saturday,true
20240505,2024-05-05,2024,2,5,May,18,5,1,Sunday,true
20240506,2024-05-06,2024,2,5,May,19,6,2,Monday,false
20240507,2024-05-07,2024,2,5,May,19,7,3,Tuesday,false
20240508,2024-05-08,2024,2,5,May,19,8,4,Wednesday,false
20240509,2024-05-09,2024,2,5,May,19,9,5,Thursday,false
20240510,2024-05-10,2024,2,5,May,19,10,6,Friday,false
20240511,2024-05-11,2024,2,5,May,19,11,7,Saturday,true
20240512,2024-05-12,2024,2,5,May,19,12,1,Sunday,true
20240513,2024-05-13,2024,2,5,May,20,13,2,Monday,false
20240514,2024-05-14,2024,2,5,May,20,14,3,Tuesday,false
20240515,2024-05-15,2024,2,5,May,20,15,4,Wednesday,false
20240516,2024-05-16,2024,2,5,May,20,16,5,Thursday,false
20240517,2024-05-17,2024,2,5,May,20,17,6,Friday,false
20240518,2024-05-18,2024,2,5,May,20,18,7,Saturday,true
20240519,2024-05-19,2024,2,5,May,20,19,1,Sunday,true
20240520,2024-05-20,2024,2,5,May,21,20,2,Monday,false
20240521,2024-05-21,2024,2,5,May,21,21,3,Tuesday,false
20240522,2024-05-22,2024,2,5,May,21,22,4,Wednesday,false
20240523,2024-05-23,2024,2,5,May,21,23,5,Thursday,false
20240524,2024-05-24,2024,2,5,May,21,24,6,Friday,false
20240525,2024-05-25,2024,2,5,May,21,25,7,Saturday,true
20240526,2024-05-26,2024,2,5,May,21,26,1,Sunday,true
20240527,2024-05-27,2024,2,5,May,22,27,2,Monday,false
20240528,2024-05-28,2024,2,5,May,22,28,3,Tuesday,false
20240529,2024-05-29,2024,2,5,May,22,29,4,Wednesday,false
20240530,2024-05-30,2024,2,5,May,22,30,5,Thursday,false
20240531,2024-05-31,2024,2,5,May,22,31,6,Friday,false
20240601,2024-06-01,2024,2,6,June,22,1,7,Saturday,true
20240602,2024-06-02,2024,2,6,June,22,2,1,Sunday,true
20240603,2024-06-03,2024,2,6,June,23,3,2,Monday,false
20240604,2024-06-04,2024,2,6,June,23,4,3,Tuesday,false
20240605,2024-06-05,2024,2,6,June,23,5,4,Wednesday,false
20240606,2024-06-06,2024,2,6,June,23,6,5,Thursday,false
20240607,2024-06-07,2024,2,6,June,23,7,6,Friday,false
20240608,2024-06-08,2024,2,6,June,23,8,7,Saturday,true
20240609,2024-06-09,2024,2,6,June,23,9,1,Sunday,true
20240610,2024-06-10,2024,2,6,June,24,10,2,Monday,false
20240611,2024-06-11,2024,2,6,June,24,11,3,Tuesday,false
20240612,2024-06-12,2024,2,6,June,24,12,4,Wednesday,false
20240613,2024-06-13,2024,2,6,June,24,13,5,Thursday,false
20240614,2024-06-14,2024,2,6,June,24,14,6,Friday,false
20240615,2024-06-15,2024,2,6,June,24,15,7,Saturday,true
20240616,2024-06-16,2024,2,6,June,24,16,1,Sunday,true
20240617,2024-06-17,2024,2,6,June,25,17,2,Monday,false
20240618,2024-06-18,2024,2,6,June,25,18,3,Tuesday,false
20240619,2024-06-19,2024,2,6,June,25,19,4,Wednesday,false
20240620,2024-06-20,2024,2,6,June,25,20,5,Thursday,false
20240621,2024-06-21,2024,2,6,June,25,21,6,Friday,false
20240622,2024-06-22,2024,2,6,June,25,22,7,Saturday,true
20240623,2024-06-23,2024,2,6,June,25,23,1,Sunday,true
20240624,2024-06-24,2024,2,6,June,26,24,2,Monday,false
20240625,2024-06-25,2024,2,6,June,26,25,3,Tuesday,false
20240626,2024-06-26,2024,2,6,June,26,26,4,Wednesday,false
20240627,2024-06-27,2024,2,6,June,26,27,5,Thursday,false
20240628,2024-06-28,2024,2,6,June,26,28,6,Friday,false
20240629,2024-06-29,2024,2,6,June,26,29,7,Saturday,true
20240630,2024-06-30,2024,2,6,June,26,30,1,Sunday,true
20240701,2024-07-01,2024,3,7,July,27,1,2,Monday,false
20240702,2024-07-02,2024,3,7,July,27,2,3,Tuesday,false
20240703,2024-07-03,2024,3,7,July,27,3,4,Wednesday,false
20240704,2024-07-04,2024,3,7,July,27,4,5,Thursday,false
20240705,2024-07-05,2024,3,7,July,27,5,6,Friday,false
20240706,2024-07-06,2024,3,7,July,27,6,7,Saturday,true
20240707,2024-07-07,2024,3,7,July,27,7,1,Sunday,true
20240708,2024-07-08,2024,3,7,July,28,8,2,Monday,false
20240709,2024-07-09,2024,3,7,July,28,9,3,Tuesday,false
20240710,2024-07-10,2024,3,7,July,28,10,4,Wednesday,false
20240711,2024-07-11,2024,3,7,July,28,11,5,Thursday,false
20240712,2024-07-12,2024,3,7,July,28,12,6,Friday,false
20240713,2024-07-13,2024,3,7,July,28,13,7,Saturday,true
20240714,2024-07-14,2024,3,7,July,28,14,1,Sunday,true
20240715,2024-07-15,2024,3,7,July,29,15,2,Monday,false
20240716,2024-07-16,2024,3,7,July,29,16,3,Tuesday,false
20240717,2024-07-17,2024,3,7,July,29,17,4,Wednesday,false
20240718,2024-07-18,2024,3,7,July,29,18,5,Thursday,false
20240719,2024-07-19,2024,3,7,July,29,19,6,Friday,false
20240720,2024-07-20,2024,3,7,July,29,20,7,Saturday,true
20240721,2024-07-21,2024,3,7,July,29,21,1,Sunday,true
20240722,2024-07-22,2024,3,7,July,30,22,2,Monday,false
20240723,2024-07-23,2024,3,7,July,30,23,3,Tuesday,false
20240724,2024-07-24,2024,3,7,July,30,24,4,Wednesday,false
20240725,2024-07-25,2024,3,7,July,30,25,5,Thursday,false
20240726,2024-07-26,2024,3,7,July,30,26,6,Friday,false
20240727,2024-07-27,2024,3,7,July,30,27,7,Saturday,true
20240728,2024-07-28,2024,3,7,July,30,28,1,Sunday,true
20240729,2024-07-29,2024,3,7,July,31,29,2,Monday,false
20240730,2024-07-30,2024,3,7,July,31,30,3,Tuesday,false
20240731,2024-07-31,2024,3,7,July,31,31,4,Wednesday,false
